CPU Reset (CPU 0)
EAX=00000000 EBX=00000000 ECX=00000000 EDX=00000000
ESI=00000000 EDI=00000000 EBP=00000000 ESP=00000000
EIP=00000000 EFL=00000000 [-------] CPL=0 II=0 A20=0 SMM=0 HLT=0
ES =0000 00000000 00000000 00000000
CS =0000 00000000 00000000 00000000
SS =0000 00000000 00000000 00000000
DS =0000 00000000 00000000 00000000
FS =0000 00000000 00000000 00000000
GS =0000 00000000 00000000 00000000
LDT=0000 00000000 00000000 00000000
TR =0000 00000000 00000000 00000000
GDT=     00000000 00000000
IDT=     00000000 00000000
CR0=00000000 CR2=00000000 CR3=00000000 CR4=00000000
DR0=0000000000000000 DR1=0000000000000000 DR2=0000000000000000 DR3=0000000000000000 
DR6=0000000000000000 DR7=0000000000000000
CCS=00000000 CCD=00000000 CCO=DYNAMIC
EFER=0000000000000000
FCW=0000 FSW=0000 [ST=0] FTW=ff MXCSR=00000000
FPR0=0000000000000000 0000 FPR1=0000000000000000 0000
FPR2=0000000000000000 0000 FPR3=0000000000000000 0000
FPR4=0000000000000000 0000 FPR5=0000000000000000 0000
FPR6=0000000000000000 0000 FPR7=0000000000000000 0000
XMM00=0000000000000000 0000000000000000 XMM01=0000000000000000 0000000000000000
XMM02=0000000000000000 0000000000000000 XMM03=0000000000000000 0000000000000000
XMM04=0000000000000000 0000000000000000 XMM05=0000000000000000 0000000000000000
XMM06=0000000000000000 0000000000000000 XMM07=0000000000000000 0000000000000000
CPU Reset (CPU 0)
EAX=00000000 EBX=00000000 ECX=00000000 EDX=00060fb1
ESI=00000000 EDI=00000000 EBP=00000000 ESP=00000000
EIP=0000fff0 EFL=00000002 [-------] CPL=0 II=0 A20=1 SMM=0 HLT=0
ES =0000 00000000 0000ffff 00009300
CS =f000 ffff0000 0000ffff 00009b00
SS =0000 00000000 0000ffff 00009300
DS =0000 00000000 0000ffff 00009300
FS =0000 00000000 0000ffff 00009300
GS =0000 00000000 0000ffff 00009300
LDT=0000 00000000 0000ffff 00008200
TR =0000 00000000 0000ffff 00008b00
GDT=     00000000 0000ffff
IDT=     00000000 0000ffff
CR0=60000010 CR2=00000000 CR3=00000000 CR4=00000000
DR0=0000000000000000 DR1=0000000000000000 DR2=0000000000000000 DR3=0000000000000000 
DR6=00000000ffff0ff0 DR7=0000000000000400
CCS=00000000 CCD=00000000 CCO=DYNAMIC
EFER=0000000000000000
FCW=037f FSW=0000 [ST=0] FTW=00 MXCSR=00001f80
FPR0=0000000000000000 0000 FPR1=0000000000000000 0000
FPR2=0000000000000000 0000 FPR3=0000000000000000 0000
FPR4=0000000000000000 0000 FPR5=0000000000000000 0000
FPR6=0000000000000000 0000 FPR7=0000000000000000 0000
XMM00=0000000000000000 0000000000000000 XMM01=0000000000000000 0000000000000000
XMM02=0000000000000000 0000000000000000 XMM03=0000000000000000 0000000000000000
XMM04=0000000000000000 0000000000000000 XMM05=0000000000000000 0000000000000000
XMM06=0000000000000000 0000000000000000 XMM07=0000000000000000 0000000000000000
SMM: enter
EAX=00000000 EBX=00000000 ECX=02000000 EDX=02000628
ESI=0000000b EDI=02000000 EBP=00014e40 ESP=00006c5c
EIP=000ea61d EFL=00000046 [---Z-P-] CPL=0 II=0 A20=1 SMM=0 HLT=0
ES =0010 00000000 ffffffff 00cf9300 DPL=0 DS   [-WA]
CS =0008 00000000 ffffffff 00cf9b00 DPL=0 CS32 [-RA]
SS =0010 00000000 ffffffff 00cf9300 DPL=0 DS   [-WA]
DS =0010 00000000 ffffffff 00cf9300 DPL=0 DS   [-WA]
FS =0010 00000000 ffffffff 00cf9300 DPL=0 DS   [-WA]
GS =0010 00000000 ffffffff 00cf9300 DPL=0 DS   [-WA]
LDT=0000 00000000 0000ffff 00008200 DPL=0 LDT
TR =0000 00000000 0000ffff 00008b00 DPL=0 TSS32-busy
GDT=     000f61e0 00000037
IDT=     000f621e 00000000
CR0=00000011 CR2=00000000 CR3=00000000 CR4=00000000
DR0=0000000000000000 DR1=0000000000000000 DR2=0000000000000000 DR3=0000000000000000 
DR6=00000000ffff0ff0 DR7=0000000000000400
CCS=00000000 CCD=ffffffff CCO=CLR
EFER=0000000000000000
SMM: after RSM
EAX=00000000 EBX=00000000 ECX=02000000 EDX=02000628
ESI=0000000b EDI=02000000 EBP=00014e40 ESP=00006c5c
EIP=000ea61d EFL=00000046 [---Z-P-] CPL=0 II=0 A20=1 SMM=0 HLT=0
ES =0010 00000000 ffffffff 00c09300 DPL=0 DS   [-WA]
CS =0008 00000000 ffffffff 00c09b00 DPL=0 CS32 [-RA]
SS =0010 00000000 ffffffff 00c09300 DPL=0 DS   [-WA]
DS =0010 00000000 ffffffff 00c09300 DPL=0 DS   [-WA]
FS =0010 00000000 ffffffff 00c09300 DPL=0 DS   [-WA]
GS =0010 00000000 ffffffff 00c09300 DPL=0 DS   [-WA]
LDT=0000 00000000 0000ffff 00008200 DPL=0 LDT
TR =0000 00000000 0000ffff 00008b00 DPL=0 TSS32-busy
GDT=     000f61e0 00000037
IDT=     000f621e 00000000
CR0=00000011 CR2=00000000 CR3=00000000 CR4=00000000
DR0=0000000000000000 DR1=0000000000000000 DR2=0000000000000000 DR3=0000000000000000 
DR6=00000000ffff0ff0 DR7=0000000000000400
CCS=00000044 CCD=00000000 CCO=EFLAGS
EFER=0000000000000000
Servicing hardware INT=0x08
SMM: enter
EAX=000000b5 EBX=000f7e0e ECX=00001234 EDX=00006cff
ESI=00006cb4 EDI=06ffec55 EBP=00006c74 ESP=00006c74
EIP=00007e0b EFL=00000006 [-----P-] CPL=0 II=0 A20=1 SMM=0 HLT=0
ES =d900 000d9000 ffffffff 008f9300
CS =f000 000f0000 ffffffff 008f9b00
SS =0000 00000000 ffffffff 008f9300
DS =0000 00000000 ffffffff 008f9300
FS =0000 00000000 ffffffff 008f9300
GS =0000 00000000 ffffffff 008f9300
LDT=0000 00000000 0000ffff 00008200
TR =0000 00000000 0000ffff 00008b00
GDT=     00000000 00000000
IDT=     00000000 000003ff
CR0=00000010 CR2=00000000 CR3=00000000 CR4=00000000
DR0=0000000000000000 DR1=0000000000000000 DR2=0000000000000000 DR3=0000000000000000 
DR6=00000000ffff0ff0 DR7=0000000000000400
CCS=00000000 CCD=00006c74 CCO=ADDL
EFER=0000000000000000
SMM: after RSM
EAX=000000b5 EBX=000f7e0e ECX=00001234 EDX=00006cff
ESI=00006cb4 EDI=06ffec55 EBP=00006c74 ESP=00006c74
EIP=000f7e0e EFL=00000046 [---Z-P-] CPL=0 II=0 A20=1 SMM=0 HLT=0
ES =0010 00000000 ffffffff 00c09300 DPL=0 DS   [-WA]
CS =0008 00000000 ffffffff 00c09b00 DPL=0 CS32 [-RA]
SS =0010 00000000 ffffffff 00c09300 DPL=0 DS   [-WA]
DS =0010 00000000 ffffffff 00c09300 DPL=0 DS   [-WA]
FS =0010 00000000 ffffffff 00c09300 DPL=0 DS   [-WA]
GS =0010 00000000 ffffffff 00c09300 DPL=0 DS   [-WA]
LDT=0000 00000000 0000ffff 00008200 DPL=0 LDT
TR =0000 00000000 0000ffff 00008b00 DPL=0 TSS32-busy
GDT=     000f61e0 00000037
IDT=     000f621e 00000000
CR0=00000011 CR2=00000000 CR3=00000000 CR4=00000000
DR0=0000000000000000 DR1=0000000000000000 DR2=0000000000000000 DR3=0000000000000000 
DR6=00000000ffff0ff0 DR7=0000000000000400
CCS=00000044 CCD=00000000 CCO=EFLAGS
EFER=0000000000000000
SMM: enter
EAX=000000b5 EBX=00007e28 ECX=00005678 EDX=06fe8ba0
ESI=000e8380 EDI=06ffec55 EBP=00006c74 ESP=00006c74
EIP=000f7e25 EFL=00000016 [----AP-] CPL=0 II=0 A20=1 SMM=0 HLT=0
ES =0010 00000000 ffffffff 00c09300 DPL=0 DS   [-WA]
CS =0008 00000000 ffffffff 00c09b00 DPL=0 CS32 [-RA]
SS =0010 00000000 ffffffff 00c09300 DPL=0 DS   [-WA]
DS =0010 00000000 ffffffff 00c09300 DPL=0 DS   [-WA]
FS =0010 00000000 ffffffff 00c09300 DPL=0 DS   [-WA]
GS =0010 00000000 ffffffff 00c09300 DPL=0 DS   [-WA]
LDT=0000 00000000 0000ffff 00008200 DPL=0 LDT
TR =0000 00000000 0000ffff 00008b00 DPL=0 TSS32-busy
GDT=     000f61e0 00000037
IDT=     000f621e 00000000
CR0=00000011 CR2=00000000 CR3=00000000 CR4=00000000
DR0=0000000000000000 DR1=0000000000000000 DR2=0000000000000000 DR3=0000000000000000 
DR6=00000000ffff0ff0 DR7=0000000000000400
CCS=00000008 CCD=00006c60 CCO=ADDL
EFER=0000000000000000
SMM: after RSM
EAX=000000b5 EBX=00007e28 ECX=00005678 EDX=06fe8ba0
ESI=000e8380 EDI=06ffec55 EBP=00006c74 ESP=00006c74
EIP=00007e28 EFL=00000006 [-----P-] CPL=0 II=0 A20=1 SMM=0 HLT=0
ES =d900 000d9000 ffffffff 00809300
CS =f000 000f0000 ffffffff 00809b00
SS =0000 00000000 ffffffff 00809300
DS =0000 00000000 ffffffff 00809300
FS =0000 00000000 ffffffff 00809300
GS =0000 00000000 ffffffff 00809300
LDT=0000 00000000 0000ffff 00008200
TR =0000 00000000 0000ffff 00008b00
GDT=     00000000 00000000
IDT=     00000000 000003ff
CR0=00000010 CR2=00000000 CR3=00000000 CR4=00000000
DR0=0000000000000000 DR1=0000000000000000 DR2=0000000000000000 DR3=0000000000000000 
DR6=00000000ffff0ff0 DR7=0000000000000400
CCS=00000004 CCD=00000001 CCO=EFLAGS
EFER=0000000000000000
Servicing hardware INT=0x08
SMM: enter
EAX=000000b5 EBX=000f7e0e ECX=00001234 EDX=000069ff
ESI=00006996 EDI=06ffec55 EBP=00006956 ESP=00006956
EIP=00007e0b EFL=00000006 [-----P-] CPL=0 II=0 A20=1 SMM=0 HLT=0
ES =d900 000d9000 ffffffff 008f9300
CS =f000 000f0000 ffffffff 008f9b00
SS =0000 00000000 ffffffff 008f9300
DS =0000 00000000 ffffffff 008f9300
FS =0000 00000000 ffffffff 008f9300
GS =ca00 000ca000 ffffffff 008f9300
LDT=0000 00000000 0000ffff 00008200
TR =0000 00000000 0000ffff 00008b00
GDT=     00000000 00000000
IDT=     00000000 000003ff
CR0=00000010 CR2=00000000 CR3=00000000 CR4=00000000
DR0=0000000000000000 DR1=0000000000000000 DR2=0000000000000000 DR3=0000000000000000 
DR6=00000000ffff0ff0 DR7=0000000000000400
CCS=00000000 CCD=00006956 CCO=ADDL
EFER=0000000000000000
SMM: after RSM
EAX=000000b5 EBX=000f7e0e ECX=00001234 EDX=000069ff
ESI=00006996 EDI=06ffec55 EBP=00006956 ESP=00006956
EIP=000f7e0e EFL=00000046 [---Z-P-] CPL=0 II=0 A20=1 SMM=0 HLT=0
ES =0010 00000000 ffffffff 00c09300 DPL=0 DS   [-WA]
CS =0008 00000000 ffffffff 00c09b00 DPL=0 CS32 [-RA]
SS =0010 00000000 ffffffff 00c09300 DPL=0 DS   [-WA]
DS =0010 00000000 ffffffff 00c09300 DPL=0 DS   [-WA]
FS =0010 00000000 ffffffff 00c09300 DPL=0 DS   [-WA]
GS =0010 00000000 ffffffff 00c09300 DPL=0 DS   [-WA]
LDT=0000 00000000 0000ffff 00008200 DPL=0 LDT
TR =0000 00000000 0000ffff 00008b00 DPL=0 TSS32-busy
GDT=     000f61e0 00000037
IDT=     000f621e 00000000
CR0=00000011 CR2=00000000 CR3=00000000 CR4=00000000
DR0=0000000000000000 DR1=0000000000000000 DR2=0000000000000000 DR3=0000000000000000 
DR6=00000000ffff0ff0 DR7=0000000000000400
CCS=00000044 CCD=00000000 CCO=EFLAGS
EFER=0000000000000000
SMM: enter
EAX=000000b5 EBX=00007e28 ECX=00005678 EDX=00000005
ESI=00000000 EDI=06ffec55 EBP=00006956 ESP=00006956
EIP=000f7e25 EFL=00000016 [----AP-] CPL=0 II=0 A20=1 SMM=0 HLT=0
ES =0010 00000000 ffffffff 00c09300 DPL=0 DS   [-WA]
CS =0008 00000000 ffffffff 00c09b00 DPL=0 CS32 [-RA]
SS =0010 00000000 ffffffff 00c09300 DPL=0 DS   [-WA]
DS =0010 00000000 ffffffff 00c09300 DPL=0 DS   [-WA]
FS =0010 00000000 ffffffff 00c09300 DPL=0 DS   [-WA]
GS =0010 00000000 ffffffff 00c09300 DPL=0 DS   [-WA]
LDT=0000 00000000 0000ffff 00008200 DPL=0 LDT
TR =0000 00000000 0000ffff 00008b00 DPL=0 TSS32-busy
GDT=     000f61e0 00000037
IDT=     000f621e 00000000
CR0=00000011 CR2=00000000 CR3=00000000 CR4=00000000
DR0=0000000000000000 DR1=0000000000000000 DR2=0000000000000000 DR3=0000000000000000 
DR6=00000000ffff0ff0 DR7=0000000000000400
CCS=00000008 CCD=00006942 CCO=ADDL
EFER=0000000000000000
SMM: after RSM
EAX=000000b5 EBX=00007e28 ECX=00005678 EDX=00000005
ESI=00000000 EDI=06ffec55 EBP=00006956 ESP=00006956
EIP=00007e28 EFL=00000006 [-----P-] CPL=0 II=0 A20=1 SMM=0 HLT=0
ES =d900 000d9000 ffffffff 00809300
CS =f000 000f0000 ffffffff 00809b00
SS =0000 00000000 ffffffff 00809300
DS =0000 00000000 ffffffff 00809300
FS =0000 00000000 ffffffff 00809300
GS =ca00 000ca000 ffffffff 00809300
LDT=0000 00000000 0000ffff 00008200
TR =0000 00000000 0000ffff 00008b00
GDT=     00000000 00000000
IDT=     00000000 000003ff
CR0=00000010 CR2=00000000 CR3=00000000 CR4=00000000
DR0=0000000000000000 DR1=0000000000000000 DR2=0000000000000000 DR3=0000000000000000 
DR6=00000000ffff0ff0 DR7=0000000000000400
CCS=00000004 CCD=00000001 CCO=EFLAGS
EFER=0000000000000000
SMM: enter
EAX=000000b5 EBX=000f7e0e ECX=00001234 EDX=000069ff
ESI=00006990 EDI=06ffec55 EBP=00006950 ESP=00006950
EIP=00007e0b EFL=00000006 [-----P-] CPL=0 II=0 A20=1 SMM=0 HLT=0
ES =d900 000d9000 ffffffff 00809300
CS =f000 000f0000 ffffffff 00809b00
SS =0000 00000000 ffffffff 00809300
DS =0000 00000000 ffffffff 00809300
FS =0000 00000000 ffffffff 00809300
GS =ca00 000ca000 ffffffff 00809300
LDT=0000 00000000 0000ffff 00008200
TR =0000 00000000 0000ffff 00008b00
GDT=     00000000 00000000
IDT=     00000000 000003ff
CR0=00000010 CR2=00000000 CR3=00000000 CR4=00000000
DR0=0000000000000000 DR1=0000000000000000 DR2=0000000000000000 DR3=0000000000000000 
DR6=00000000ffff0ff0 DR7=0000000000000400
CCS=00000000 CCD=00006950 CCO=ADDL
EFER=0000000000000000
SMM: after RSM
EAX=000000b5 EBX=000f7e0e ECX=00001234 EDX=000069ff
ESI=00006990 EDI=06ffec55 EBP=00006950 ESP=00006950
EIP=000f7e0e EFL=00000046 [---Z-P-] CPL=0 II=0 A20=1 SMM=0 HLT=0
ES =0010 00000000 ffffffff 00c09300 DPL=0 DS   [-WA]
CS =0008 00000000 ffffffff 00c09b00 DPL=0 CS32 [-RA]
SS =0010 00000000 ffffffff 00c09300 DPL=0 DS   [-WA]
DS =0010 00000000 ffffffff 00c09300 DPL=0 DS   [-WA]
FS =0010 00000000 ffffffff 00c09300 DPL=0 DS   [-WA]
GS =0010 00000000 ffffffff 00c09300 DPL=0 DS   [-WA]
LDT=0000 00000000 0000ffff 00008200 DPL=0 LDT
TR =0000 00000000 0000ffff 00008b00 DPL=0 TSS32-busy
GDT=     000f61e0 00000037
IDT=     000f621e 00000000
CR0=00000011 CR2=00000000 CR3=00000000 CR4=00000000
DR0=0000000000000000 DR1=0000000000000000 DR2=0000000000000000 DR3=0000000000000000 
DR6=00000000ffff0ff0 DR7=0000000000000400
CCS=00000044 CCD=00000000 CCO=EFLAGS
EFER=0000000000000000
SMM: enter
EAX=000000b5 EBX=00007e28 ECX=00005678 EDX=00000003
ESI=06fcb050 EDI=06ffec55 EBP=00006950 ESP=00006950
EIP=000f7e25 EFL=00000006 [-----P-] CPL=0 II=0 A20=1 SMM=0 HLT=0
ES =0010 00000000 ffffffff 00c09300 DPL=0 DS   [-WA]
CS =0008 00000000 ffffffff 00c09b00 DPL=0 CS32 [-RA]
SS =0010 00000000 ffffffff 00c09300 DPL=0 DS   [-WA]
DS =0010 00000000 ffffffff 00c09300 DPL=0 DS   [-WA]
FS =0010 00000000 ffffffff 00c09300 DPL=0 DS   [-WA]
GS =0010 00000000 ffffffff 00c09300 DPL=0 DS   [-WA]
LDT=0000 00000000 0000ffff 00008200 DPL=0 LDT
TR =0000 00000000 0000ffff 00008b00 DPL=0 TSS32-busy
GDT=     000f61e0 00000037
IDT=     000f621e 00000000
CR0=00000011 CR2=00000000 CR3=00000000 CR4=00000000
DR0=0000000000000000 DR1=0000000000000000 DR2=0000000000000000 DR3=0000000000000000 
DR6=00000000ffff0ff0 DR7=0000000000000400
CCS=00000008 CCD=0000693c CCO=ADDL
EFER=0000000000000000
SMM: after RSM
EAX=000000b5 EBX=00007e28 ECX=00005678 EDX=00000003
ESI=06fcb050 EDI=06ffec55 EBP=00006950 ESP=00006950
EIP=00007e28 EFL=00000006 [-----P-] CPL=0 II=0 A20=1 SMM=0 HLT=0
ES =d900 000d9000 ffffffff 00809300
CS =f000 000f0000 ffffffff 00809b00
SS =0000 00000000 ffffffff 00809300
DS =0000 00000000 ffffffff 00809300
FS =0000 00000000 ffffffff 00809300
GS =ca00 000ca000 ffffffff 00809300
LDT=0000 00000000 0000ffff 00008200
TR =0000 00000000 0000ffff 00008b00
GDT=     00000000 00000000
IDT=     00000000 000003ff
CR0=00000010 CR2=00000000 CR3=00000000 CR4=00000000
DR0=0000000000000000 DR1=0000000000000000 DR2=0000000000000000 DR3=0000000000000000 
DR6=00000000ffff0ff0 DR7=0000000000000400
CCS=00000004 CCD=00000001 CCO=EFLAGS
EFER=0000000000000000
SMM: enter
EAX=000000b5 EBX=000f7e0e ECX=00001234 EDX=000069ff
ESI=00006996 EDI=06ffec55 EBP=00006956 ESP=00006956
EIP=00007e0b EFL=00000006 [-----P-] CPL=0 II=0 A20=1 SMM=0 HLT=0
ES =d900 000d9000 ffffffff 00809300
CS =f000 000f0000 ffffffff 00809b00
SS =0000 00000000 ffffffff 00809300
DS =0000 00000000 ffffffff 00809300
FS =0000 00000000 ffffffff 00809300
GS =ca00 000ca000 ffffffff 00809300
LDT=0000 00000000 0000ffff 00008200
TR =0000 00000000 0000ffff 00008b00
GDT=     00000000 00000000
IDT=     00000000 000003ff
CR0=00000010 CR2=00000000 CR3=00000000 CR4=00000000
DR0=0000000000000000 DR1=0000000000000000 DR2=0000000000000000 DR3=0000000000000000 
DR6=00000000ffff0ff0 DR7=0000000000000400
CCS=00000000 CCD=00006956 CCO=ADDL
EFER=0000000000000000
SMM: after RSM
EAX=000000b5 EBX=000f7e0e ECX=00001234 EDX=000069ff
ESI=00006996 EDI=06ffec55 EBP=00006956 ESP=00006956
EIP=000f7e0e EFL=00000046 [---Z-P-] CPL=0 II=0 A20=1 SMM=0 HLT=0
ES =0010 00000000 ffffffff 00c09300 DPL=0 DS   [-WA]
CS =0008 00000000 ffffffff 00c09b00 DPL=0 CS32 [-RA]
SS =0010 00000000 ffffffff 00c09300 DPL=0 DS   [-WA]
DS =0010 00000000 ffffffff 00c09300 DPL=0 DS   [-WA]
FS =0010 00000000 ffffffff 00c09300 DPL=0 DS   [-WA]
GS =0010 00000000 ffffffff 00c09300 DPL=0 DS   [-WA]
LDT=0000 00000000 0000ffff 00008200 DPL=0 LDT
TR =0000 00000000 0000ffff 00008b00 DPL=0 TSS32-busy
GDT=     000f61e0 00000037
IDT=     000f621e 00000000
CR0=00000011 CR2=00000000 CR3=00000000 CR4=00000000
DR0=0000000000000000 DR1=0000000000000000 DR2=0000000000000000 DR3=0000000000000000 
DR6=00000000ffff0ff0 DR7=0000000000000400
CCS=00000044 CCD=00000000 CCO=EFLAGS
EFER=0000000000000000
SMM: enter
EAX=000000b5 EBX=00007e28 ECX=00005678 EDX=00000005
ESI=00000000 EDI=06ffec55 EBP=00006956 ESP=00006956
EIP=000f7e25 EFL=00000016 [----AP-] CPL=0 II=0 A20=1 SMM=0 HLT=0
ES =0010 00000000 ffffffff 00c09300 DPL=0 DS   [-WA]
CS =0008 00000000 ffffffff 00c09b00 DPL=0 CS32 [-RA]
SS =0010 00000000 ffffffff 00c09300 DPL=0 DS   [-WA]
DS =0010 00000000 ffffffff 00c09300 DPL=0 DS   [-WA]
FS =0010 00000000 ffffffff 00c09300 DPL=0 DS   [-WA]
GS =0010 00000000 ffffffff 00c09300 DPL=0 DS   [-WA]
LDT=0000 00000000 0000ffff 00008200 DPL=0 LDT
TR =0000 00000000 0000ffff 00008b00 DPL=0 TSS32-busy
GDT=     000f61e0 00000037
IDT=     000f621e 00000000
CR0=00000011 CR2=00000000 CR3=00000000 CR4=00000000
DR0=0000000000000000 DR1=0000000000000000 DR2=0000000000000000 DR3=0000000000000000 
DR6=00000000ffff0ff0 DR7=0000000000000400
CCS=00000008 CCD=00006942 CCO=ADDL
EFER=0000000000000000
SMM: after RSM
EAX=000000b5 EBX=00007e28 ECX=00005678 EDX=00000005
ESI=00000000 EDI=06ffec55 EBP=00006956 ESP=00006956
EIP=00007e28 EFL=00000006 [-----P-] CPL=0 II=0 A20=1 SMM=0 HLT=0
ES =d900 000d9000 ffffffff 00809300
CS =f000 000f0000 ffffffff 00809b00
SS =0000 00000000 ffffffff 00809300
DS =0000 00000000 ffffffff 00809300
FS =0000 00000000 ffffffff 00809300
GS =ca00 000ca000 ffffffff 00809300
LDT=0000 00000000 0000ffff 00008200
TR =0000 00000000 0000ffff 00008b00
GDT=     00000000 00000000
IDT=     00000000 000003ff
CR0=00000010 CR2=00000000 CR3=00000000 CR4=00000000
DR0=0000000000000000 DR1=0000000000000000 DR2=0000000000000000 DR3=0000000000000000 
DR6=00000000ffff0ff0 DR7=0000000000000400
CCS=00000004 CCD=00000001 CCO=EFLAGS
EFER=0000000000000000
SMM: enter
EAX=000000b5 EBX=000f7e0e ECX=00001234 EDX=000069ff
ESI=00006990 EDI=06ffec55 EBP=00006950 ESP=00006950
EIP=00007e0b EFL=00000006 [-----P-] CPL=0 II=0 A20=1 SMM=0 HLT=0
ES =d900 000d9000 ffffffff 00809300
CS =f000 000f0000 ffffffff 00809b00
SS =0000 00000000 ffffffff 00809300
DS =0000 00000000 ffffffff 00809300
FS =0000 00000000 ffffffff 00809300
GS =ca00 000ca000 ffffffff 00809300
LDT=0000 00000000 0000ffff 00008200
TR =0000 00000000 0000ffff 00008b00
GDT=     00000000 00000000
IDT=     00000000 000003ff
CR0=00000010 CR2=00000000 CR3=00000000 CR4=00000000
DR0=0000000000000000 DR1=0000000000000000 DR2=0000000000000000 DR3=0000000000000000 
DR6=00000000ffff0ff0 DR7=0000000000000400
CCS=00000000 CCD=00006950 CCO=ADDL
EFER=0000000000000000
SMM: after RSM
EAX=000000b5 EBX=000f7e0e ECX=00001234 EDX=000069ff
ESI=00006990 EDI=06ffec55 EBP=00006950 ESP=00006950
EIP=000f7e0e EFL=00000046 [---Z-P-] CPL=0 II=0 A20=1 SMM=0 HLT=0
ES =0010 00000000 ffffffff 00c09300 DPL=0 DS   [-WA]
CS =0008 00000000 ffffffff 00c09b00 DPL=0 CS32 [-RA]
SS =0010 00000000 ffffffff 00c09300 DPL=0 DS   [-WA]
DS =0010 00000000 ffffffff 00c09300 DPL=0 DS   [-WA]
FS =0010 00000000 ffffffff 00c09300 DPL=0 DS   [-WA]
GS =0010 00000000 ffffffff 00c09300 DPL=0 DS   [-WA]
LDT=0000 00000000 0000ffff 00008200 DPL=0 LDT
TR =0000 00000000 0000ffff 00008b00 DPL=0 TSS32-busy
GDT=     000f61e0 00000037
IDT=     000f621e 00000000
CR0=00000011 CR2=00000000 CR3=00000000 CR4=00000000
DR0=0000000000000000 DR1=0000000000000000 DR2=0000000000000000 DR3=0000000000000000 
DR6=00000000ffff0ff0 DR7=0000000000000400
CCS=00000044 CCD=00000000 CCO=EFLAGS
EFER=0000000000000000
SMM: enter
EAX=000000b5 EBX=00007e28 ECX=00005678 EDX=00000003
ESI=06f0b050 EDI=06ffec55 EBP=00006950 ESP=00006950
EIP=000f7e25 EFL=00000006 [-----P-] CPL=0 II=0 A20=1 SMM=0 HLT=0
ES =0010 00000000 ffffffff 00c09300 DPL=0 DS   [-WA]
CS =0008 00000000 ffffffff 00c09b00 DPL=0 CS32 [-RA]
SS =0010 00000000 ffffffff 00c09300 DPL=0 DS   [-WA]
DS =0010 00000000 ffffffff 00c09300 DPL=0 DS   [-WA]
FS =0010 00000000 ffffffff 00c09300 DPL=0 DS   [-WA]
GS =0010 00000000 ffffffff 00c09300 DPL=0 DS   [-WA]
LDT=0000 00000000 0000ffff 00008200 DPL=0 LDT
TR =0000 00000000 0000ffff 00008b00 DPL=0 TSS32-busy
GDT=     000f61e0 00000037
IDT=     000f621e 00000000
CR0=00000011 CR2=00000000 CR3=00000000 CR4=00000000
DR0=0000000000000000 DR1=0000000000000000 DR2=0000000000000000 DR3=0000000000000000 
DR6=00000000ffff0ff0 DR7=0000000000000400
CCS=00000008 CCD=0000693c CCO=ADDL
EFER=0000000000000000
SMM: after RSM
EAX=000000b5 EBX=00007e28 ECX=00005678 EDX=00000003
ESI=06f0b050 EDI=06ffec55 EBP=00006950 ESP=00006950
EIP=00007e28 EFL=00000006 [-----P-] CPL=0 II=0 A20=1 SMM=0 HLT=0
ES =d900 000d9000 ffffffff 00809300
CS =f000 000f0000 ffffffff 00809b00
SS =0000 00000000 ffffffff 00809300
DS =0000 00000000 ffffffff 00809300
FS =0000 00000000 ffffffff 00809300
GS =ca00 000ca000 ffffffff 00809300
LDT=0000 00000000 0000ffff 00008200
TR =0000 00000000 0000ffff 00008b00
GDT=     00000000 00000000
IDT=     00000000 000003ff
CR0=00000010 CR2=00000000 CR3=00000000 CR4=00000000
DR0=0000000000000000 DR1=0000000000000000 DR2=0000000000000000 DR3=0000000000000000 
DR6=00000000ffff0ff0 DR7=0000000000000400
CCS=00000004 CCD=00000001 CCO=EFLAGS
EFER=0000000000000000
Servicing hardware INT=0x08
Servicing hardware INT=0x08
Servicing hardware INT=0x08
Servicing hardware INT=0x08
Servicing hardware INT=0x08
Servicing hardware INT=0x08
Servicing hardware INT=0x08
Servicing hardware INT=0x08
Servicing hardware INT=0x08
Servicing hardware INT=0x08
Servicing hardware INT=0x08
Servicing hardware INT=0x08
Servicing hardware INT=0x08
Servicing hardware INT=0x08
Servicing hardware INT=0x08
Servicing hardware INT=0x08
Servicing hardware INT=0x08
Servicing hardware INT=0x08
Servicing hardware INT=0x08
Servicing hardware INT=0x08
Servicing hardware INT=0x08
Servicing hardware INT=0x08
Servicing hardware INT=0x08
Servicing hardware INT=0x09
Servicing hardware INT=0x08
Servicing hardware INT=0x08
Servicing hardware INT=0x09
Servicing hardware INT=0x08
Servicing hardware INT=0x08
Servicing hardware INT=0x08
Servicing hardware INT=0x21
     0: v=21 e=0000 i=0 cpl=0 IP=0008:0000000000010058 pc=0000000000010058 SP=0010:000000000007fef4 env->regs[R_EAX]=00000000000007ff
EAX=000007ff EBX=00010d00 ECX=00000000 EDX=00000021
ESI=00000000 EDI=00000000 EBP=0007fefc ESP=0007fef4
EIP=00010058 EFL=00000206 [-----P-] CPL=0 II=0 A20=1 SMM=0 HLT=0
ES =0010 00000000 ffffffff 00cf9300 DPL=0 DS   [-WA]
CS =0008 00000000 ffffffff 00cf9a00 DPL=0 CS32 [-R-]
SS =0010 00000000 ffffffff 00cf9300 DPL=0 DS   [-WA]
DS =0010 00000000 ffffffff 00cf9300 DPL=0 DS   [-WA]
FS =0010 00000000 ffffffff 00cf9300 DPL=0 DS   [-WA]
GS =0010 00000000 ffffffff 00cf9300 DPL=0 DS   [-WA]
LDT=0000 00000000 0000ffff 00008200 DPL=0 LDT
TR =0000 00000000 0000ffff 00008b00 DPL=0 TSS32-busy
GDT=     0001049c 00000017
IDT=     00010500 000007ff
CR0=00000011 CR2=00000000 CR3=00000000 CR4=00000000
DR0=0000000000000000 DR1=0000000000000000 DR2=0000000000000000 DR3=0000000000000000 
DR6=00000000ffff0ff0 DR7=0000000000000400
CCS=00000004 CCD=0007fee4 CCO=EFLAGS
EFER=0000000000000000
Servicing hardware INT=0x21
     1: v=21 e=0000 i=0 cpl=0 IP=0008:0000000000010058 pc=0000000000010058 SP=0010:000000000007fef4 env->regs[R_EAX]=00000000000007ff
EAX=000007ff EBX=00010d00 ECX=00000000 EDX=00000021
ESI=00000000 EDI=00000000 EBP=0007fefc ESP=0007fef4
EIP=00010058 EFL=00000206 [-----P-] CPL=0 II=0 A20=1 SMM=0 HLT=0
ES =0010 00000000 ffffffff 00cf9300 DPL=0 DS   [-WA]
CS =0008 00000000 ffffffff 00cf9a00 DPL=0 CS32 [-R-]
SS =0010 00000000 ffffffff 00cf9300 DPL=0 DS   [-WA]
DS =0010 00000000 ffffffff 00cf9300 DPL=0 DS   [-WA]
FS =0010 00000000 ffffffff 00cf9300 DPL=0 DS   [-WA]
GS =0010 00000000 ffffffff 00cf9300 DPL=0 DS   [-WA]
LDT=0000 00000000 0000ffff 00008200 DPL=0 LDT
TR =0000 00000000 0000ffff 00008b00 DPL=0 TSS32-busy
GDT=     0001049c 00000017
IDT=     00010500 000007ff
CR0=00000011 CR2=00000000 CR3=00000000 CR4=00000000
DR0=0000000000000000 DR1=0000000000000000 DR2=0000000000000000 DR3=0000000000000000 
DR6=00000000ffff0ff0 DR7=0000000000000400
CCS=00000004 CCD=0007fea8 CCO=EFLAGS
EFER=0000000000000000
Servicing hardware INT=0x21
     2: v=21 e=0000 i=0 cpl=0 IP=0008:0000000000010058 pc=0000000000010058 SP=0010:000000000007fef4 env->regs[R_EAX]=00000000000007ff
EAX=000007ff EBX=00010d00 ECX=00000000 EDX=00000021
ESI=00000000 EDI=00000000 EBP=0007fefc ESP=0007fef4
EIP=00010058 EFL=00000206 [-----P-] CPL=0 II=0 A20=1 SMM=0 HLT=0
ES =0010 00000000 ffffffff 00cf9300 DPL=0 DS   [-WA]
CS =0008 00000000 ffffffff 00cf9a00 DPL=0 CS32 [-R-]
SS =0010 00000000 ffffffff 00cf9300 DPL=0 DS   [-WA]
DS =0010 00000000 ffffffff 00cf9300 DPL=0 DS   [-WA]
FS =0010 00000000 ffffffff 00cf9300 DPL=0 DS   [-WA]
GS =0010 00000000 ffffffff 00cf9300 DPL=0 DS   [-WA]
LDT=0000 00000000 0000ffff 00008200 DPL=0 LDT
TR =0000 00000000 0000ffff 00008b00 DPL=0 TSS32-busy
GDT=     0001049c 00000017
IDT=     00010500 000007ff
CR0=00000011 CR2=00000000 CR3=00000000 CR4=00000000
DR0=0000000000000000 DR1=0000000000000000 DR2=0000000000000000 DR3=0000000000000000 
DR6=00000000ffff0ff0 DR7=0000000000000400
CCS=00000004 CCD=0007fea8 CCO=EFLAGS
EFER=0000000000000000
Servicing hardware INT=0x21
     3: v=21 e=0000 i=0 cpl=0 IP=0008:0000000000010058 pc=0000000000010058 SP=0010:000000000007fef4 env->regs[R_EAX]=00000000000007ff
EAX=000007ff EBX=00010d00 ECX=00000000 EDX=00000021
ESI=00000000 EDI=00000000 EBP=0007fefc ESP=0007fef4
EIP=00010058 EFL=00000206 [-----P-] CPL=0 II=0 A20=1 SMM=0 HLT=0
ES =0010 00000000 ffffffff 00cf9300 DPL=0 DS   [-WA]
CS =0008 00000000 ffffffff 00cf9a00 DPL=0 CS32 [-R-]
SS =0010 00000000 ffffffff 00cf9300 DPL=0 DS   [-WA]
DS =0010 00000000 ffffffff 00cf9300 DPL=0 DS   [-WA]
FS =0010 00000000 ffffffff 00cf9300 DPL=0 DS   [-WA]
GS =0010 00000000 ffffffff 00cf9300 DPL=0 DS   [-WA]
LDT=0000 00000000 0000ffff 00008200 DPL=0 LDT
TR =0000 00000000 0000ffff 00008b00 DPL=0 TSS32-busy
GDT=     0001049c 00000017
IDT=     00010500 000007ff
CR0=00000011 CR2=00000000 CR3=00000000 CR4=00000000
DR0=0000000000000000 DR1=0000000000000000 DR2=0000000000000000 DR3=0000000000000000 
DR6=00000000ffff0ff0 DR7=0000000000000400
CCS=00000004 CCD=0007fea8 CCO=EFLAGS
EFER=0000000000000000
Servicing hardware INT=0x21
     4: v=21 e=0000 i=0 cpl=0 IP=0008:0000000000010058 pc=0000000000010058 SP=0010:000000000007fef4 env->regs[R_EAX]=00000000000007ff
EAX=000007ff EBX=00010d00 ECX=00000000 EDX=00000021
ESI=00000000 EDI=00000000 EBP=0007fefc ESP=0007fef4
EIP=00010058 EFL=00000206 [-----P-] CPL=0 II=0 A20=1 SMM=0 HLT=0
ES =0010 00000000 ffffffff 00cf9300 DPL=0 DS   [-WA]
CS =0008 00000000 ffffffff 00cf9a00 DPL=0 CS32 [-R-]
SS =0010 00000000 ffffffff 00cf9300 DPL=0 DS   [-WA]
DS =0010 00000000 ffffffff 00cf9300 DPL=0 DS   [-WA]
FS =0010 00000000 ffffffff 00cf9300 DPL=0 DS   [-WA]
GS =0010 00000000 ffffffff 00cf9300 DPL=0 DS   [-WA]
LDT=0000 00000000 0000ffff 00008200 DPL=0 LDT
TR =0000 00000000 0000ffff 00008b00 DPL=0 TSS32-busy
GDT=     0001049c 00000017
IDT=     00010500 000007ff
CR0=00000011 CR2=00000000 CR3=00000000 CR4=00000000
DR0=0000000000000000 DR1=0000000000000000 DR2=0000000000000000 DR3=0000000000000000 
DR6=00000000ffff0ff0 DR7=0000000000000400
CCS=00000004 CCD=0007fea8 CCO=EFLAGS
EFER=0000000000000000
Servicing hardware INT=0x21
     5: v=21 e=0000 i=0 cpl=0 IP=0008:0000000000010058 pc=0000000000010058 SP=0010:000000000007fef4 env->regs[R_EAX]=00000000000007ff
EAX=000007ff EBX=00010d00 ECX=00000000 EDX=00000021
ESI=00000000 EDI=00000000 EBP=0007fefc ESP=0007fef4
EIP=00010058 EFL=00000206 [-----P-] CPL=0 II=0 A20=1 SMM=0 HLT=0
ES =0010 00000000 ffffffff 00cf9300 DPL=0 DS   [-WA]
CS =0008 00000000 ffffffff 00cf9a00 DPL=0 CS32 [-R-]
SS =0010 00000000 ffffffff 00cf9300 DPL=0 DS   [-WA]
DS =0010 00000000 ffffffff 00cf9300 DPL=0 DS   [-WA]
FS =0010 00000000 ffffffff 00cf9300 DPL=0 DS   [-WA]
GS =0010 00000000 ffffffff 00cf9300 DPL=0 DS   [-WA]
LDT=0000 00000000 0000ffff 00008200 DPL=0 LDT
TR =0000 00000000 0000ffff 00008b00 DPL=0 TSS32-busy
GDT=     0001049c 00000017
IDT=     00010500 000007ff
CR0=00000011 CR2=00000000 CR3=00000000 CR4=00000000
DR0=0000000000000000 DR1=0000000000000000 DR2=0000000000000000 DR3=0000000000000000 
DR6=00000000ffff0ff0 DR7=0000000000000400
CCS=00000004 CCD=0007fea8 CCO=EFLAGS
EFER=0000000000000000
Servicing hardware INT=0x21
     6: v=21 e=0000 i=0 cpl=0 IP=0008:0000000000010058 pc=0000000000010058 SP=0010:000000000007fef4 env->regs[R_EAX]=00000000000007ff
EAX=000007ff EBX=00010d00 ECX=00000000 EDX=00000021
ESI=00000000 EDI=00000000 EBP=0007fefc ESP=0007fef4
EIP=00010058 EFL=00000206 [-----P-] CPL=0 II=0 A20=1 SMM=0 HLT=0
ES =0010 00000000 ffffffff 00cf9300 DPL=0 DS   [-WA]
CS =0008 00000000 ffffffff 00cf9a00 DPL=0 CS32 [-R-]
SS =0010 00000000 ffffffff 00cf9300 DPL=0 DS   [-WA]
DS =0010 00000000 ffffffff 00cf9300 DPL=0 DS   [-WA]
FS =0010 00000000 ffffffff 00cf9300 DPL=0 DS   [-WA]
GS =0010 00000000 ffffffff 00cf9300 DPL=0 DS   [-WA]
LDT=0000 00000000 0000ffff 00008200 DPL=0 LDT
TR =0000 00000000 0000ffff 00008b00 DPL=0 TSS32-busy
GDT=     0001049c 00000017
IDT=     00010500 000007ff
CR0=00000011 CR2=00000000 CR3=00000000 CR4=00000000
DR0=0000000000000000 DR1=0000000000000000 DR2=0000000000000000 DR3=0000000000000000 
DR6=00000000ffff0ff0 DR7=0000000000000400
CCS=00000004 CCD=0007fea8 CCO=EFLAGS
EFER=0000000000000000
Servicing hardware INT=0x21
     7: v=21 e=0000 i=0 cpl=0 IP=0008:0000000000010058 pc=0000000000010058 SP=0010:000000000007fef4 env->regs[R_EAX]=00000000000007ff
EAX=000007ff EBX=00010d00 ECX=00000000 EDX=00000021
ESI=00000000 EDI=00000000 EBP=0007fefc ESP=0007fef4
EIP=00010058 EFL=00000206 [-----P-] CPL=0 II=0 A20=1 SMM=0 HLT=0
ES =0010 00000000 ffffffff 00cf9300 DPL=0 DS   [-WA]
CS =0008 00000000 ffffffff 00cf9a00 DPL=0 CS32 [-R-]
SS =0010 00000000 ffffffff 00cf9300 DPL=0 DS   [-WA]
DS =0010 00000000 ffffffff 00cf9300 DPL=0 DS   [-WA]
FS =0010 00000000 ffffffff 00cf9300 DPL=0 DS   [-WA]
GS =0010 00000000 ffffffff 00cf9300 DPL=0 DS   [-WA]
LDT=0000 00000000 0000ffff 00008200 DPL=0 LDT
TR =0000 00000000 0000ffff 00008b00 DPL=0 TSS32-busy
GDT=     0001049c 00000017
IDT=     00010500 000007ff
CR0=00000011 CR2=00000000 CR3=00000000 CR4=00000000
DR0=0000000000000000 DR1=0000000000000000 DR2=0000000000000000 DR3=0000000000000000 
DR6=00000000ffff0ff0 DR7=0000000000000400
CCS=00000004 CCD=0007fea8 CCO=EFLAGS
EFER=0000000000000000
Servicing hardware INT=0x21
     8: v=21 e=0000 i=0 cpl=0 IP=0008:0000000000010058 pc=0000000000010058 SP=0010:000000000007fef4 env->regs[R_EAX]=00000000000007ff
EAX=000007ff EBX=00010d00 ECX=00000000 EDX=00000021
ESI=00000000 EDI=00000000 EBP=0007fefc ESP=0007fef4
EIP=00010058 EFL=00000206 [-----P-] CPL=0 II=0 A20=1 SMM=0 HLT=0
ES =0010 00000000 ffffffff 00cf9300 DPL=0 DS   [-WA]
CS =0008 00000000 ffffffff 00cf9a00 DPL=0 CS32 [-R-]
SS =0010 00000000 ffffffff 00cf9300 DPL=0 DS   [-WA]
DS =0010 00000000 ffffffff 00cf9300 DPL=0 DS   [-WA]
FS =0010 00000000 ffffffff 00cf9300 DPL=0 DS   [-WA]
GS =0010 00000000 ffffffff 00cf9300 DPL=0 DS   [-WA]
LDT=0000 00000000 0000ffff 00008200 DPL=0 LDT
TR =0000 00000000 0000ffff 00008b00 DPL=0 TSS32-busy
GDT=     0001049c 00000017
IDT=     00010500 000007ff
CR0=00000011 CR2=00000000 CR3=00000000 CR4=00000000
DR0=0000000000000000 DR1=0000000000000000 DR2=0000000000000000 DR3=0000000000000000 
DR6=00000000ffff0ff0 DR7=0000000000000400
CCS=00000004 CCD=0007fea8 CCO=EFLAGS
EFER=0000000000000000
Servicing hardware INT=0x21
     9: v=21 e=0000 i=0 cpl=0 IP=0008:0000000000010058 pc=0000000000010058 SP=0010:000000000007fef4 env->regs[R_EAX]=00000000000007ff
EAX=000007ff EBX=00010d00 ECX=00000000 EDX=00000021
ESI=00000000 EDI=00000000 EBP=0007fefc ESP=0007fef4
EIP=00010058 EFL=00000206 [-----P-] CPL=0 II=0 A20=1 SMM=0 HLT=0
ES =0010 00000000 ffffffff 00cf9300 DPL=0 DS   [-WA]
CS =0008 00000000 ffffffff 00cf9a00 DPL=0 CS32 [-R-]
SS =0010 00000000 ffffffff 00cf9300 DPL=0 DS   [-WA]
DS =0010 00000000 ffffffff 00cf9300 DPL=0 DS   [-WA]
FS =0010 00000000 ffffffff 00cf9300 DPL=0 DS   [-WA]
GS =0010 00000000 ffffffff 00cf9300 DPL=0 DS   [-WA]
LDT=0000 00000000 0000ffff 00008200 DPL=0 LDT
TR =0000 00000000 0000ffff 00008b00 DPL=0 TSS32-busy
GDT=     0001049c 00000017
IDT=     00010500 000007ff
CR0=00000011 CR2=00000000 CR3=00000000 CR4=00000000
DR0=0000000000000000 DR1=0000000000000000 DR2=0000000000000000 DR3=0000000000000000 
DR6=00000000ffff0ff0 DR7=0000000000000400
CCS=00000004 CCD=0007fea8 CCO=EFLAGS
EFER=0000000000000000
Servicing hardware INT=0x21
    10: v=21 e=0000 i=0 cpl=0 IP=0008:0000000000010058 pc=0000000000010058 SP=0010:000000000007fef4 env->regs[R_EAX]=00000000000007ff
EAX=000007ff EBX=00010d00 ECX=00000000 EDX=00000021
ESI=00000000 EDI=00000000 EBP=0007fefc ESP=0007fef4
EIP=00010058 EFL=00000206 [-----P-] CPL=0 II=0 A20=1 SMM=0 HLT=0
ES =0010 00000000 ffffffff 00cf9300 DPL=0 DS   [-WA]
CS =0008 00000000 ffffffff 00cf9a00 DPL=0 CS32 [-R-]
SS =0010 00000000 ffffffff 00cf9300 DPL=0 DS   [-WA]
DS =0010 00000000 ffffffff 00cf9300 DPL=0 DS   [-WA]
FS =0010 00000000 ffffffff 00cf9300 DPL=0 DS   [-WA]
GS =0010 00000000 ffffffff 00cf9300 DPL=0 DS   [-WA]
LDT=0000 00000000 0000ffff 00008200 DPL=0 LDT
TR =0000 00000000 0000ffff 00008b00 DPL=0 TSS32-busy
GDT=     0001049c 00000017
IDT=     00010500 000007ff
CR0=00000011 CR2=00000000 CR3=00000000 CR4=00000000
DR0=0000000000000000 DR1=0000000000000000 DR2=0000000000000000 DR3=0000000000000000 
DR6=00000000ffff0ff0 DR7=0000000000000400
CCS=00000004 CCD=0007fea8 CCO=EFLAGS
EFER=0000000000000000
Servicing hardware INT=0x21
    11: v=21 e=0000 i=0 cpl=0 IP=0008:0000000000010058 pc=0000000000010058 SP=0010:000000000007fef4 env->regs[R_EAX]=00000000000007ff
EAX=000007ff EBX=00010d00 ECX=00000000 EDX=00000021
ESI=00000000 EDI=00000000 EBP=0007fefc ESP=0007fef4
EIP=00010058 EFL=00000206 [-----P-] CPL=0 II=0 A20=1 SMM=0 HLT=0
ES =0010 00000000 ffffffff 00cf9300 DPL=0 DS   [-WA]
CS =0008 00000000 ffffffff 00cf9a00 DPL=0 CS32 [-R-]
SS =0010 00000000 ffffffff 00cf9300 DPL=0 DS   [-WA]
DS =0010 00000000 ffffffff 00cf9300 DPL=0 DS   [-WA]
FS =0010 00000000 ffffffff 00cf9300 DPL=0 DS   [-WA]
GS =0010 00000000 ffffffff 00cf9300 DPL=0 DS   [-WA]
LDT=0000 00000000 0000ffff 00008200 DPL=0 LDT
TR =0000 00000000 0000ffff 00008b00 DPL=0 TSS32-busy
GDT=     0001049c 00000017
IDT=     00010500 000007ff
CR0=00000011 CR2=00000000 CR3=00000000 CR4=00000000
DR0=0000000000000000 DR1=0000000000000000 DR2=0000000000000000 DR3=0000000000000000 
DR6=00000000ffff0ff0 DR7=0000000000000400
CCS=00000004 CCD=0007fea8 CCO=EFLAGS
EFER=0000000000000000
Servicing hardware INT=0x21
    12: v=21 e=0000 i=0 cpl=0 IP=0008:0000000000010058 pc=0000000000010058 SP=0010:000000000007fef4 env->regs[R_EAX]=00000000000007ff
EAX=000007ff EBX=00010d00 ECX=00000000 EDX=00000021
ESI=00000000 EDI=00000000 EBP=0007fefc ESP=0007fef4
EIP=00010058 EFL=00000206 [-----P-] CPL=0 II=0 A20=1 SMM=0 HLT=0
ES =0010 00000000 ffffffff 00cf9300 DPL=0 DS   [-WA]
CS =0008 00000000 ffffffff 00cf9a00 DPL=0 CS32 [-R-]
SS =0010 00000000 ffffffff 00cf9300 DPL=0 DS   [-WA]
DS =0010 00000000 ffffffff 00cf9300 DPL=0 DS   [-WA]
FS =0010 00000000 ffffffff 00cf9300 DPL=0 DS   [-WA]
GS =0010 00000000 ffffffff 00cf9300 DPL=0 DS   [-WA]
LDT=0000 00000000 0000ffff 00008200 DPL=0 LDT
TR =0000 00000000 0000ffff 00008b00 DPL=0 TSS32-busy
GDT=     0001049c 00000017
IDT=     00010500 000007ff
CR0=00000011 CR2=00000000 CR3=00000000 CR4=00000000
DR0=0000000000000000 DR1=0000000000000000 DR2=0000000000000000 DR3=0000000000000000 
DR6=00000000ffff0ff0 DR7=0000000000000400
CCS=00000004 CCD=0007fea8 CCO=EFLAGS
EFER=0000000000000000
Servicing hardware INT=0x21
    13: v=21 e=0000 i=0 cpl=0 IP=0008:0000000000010058 pc=0000000000010058 SP=0010:000000000007fef4 env->regs[R_EAX]=00000000000007ff
EAX=000007ff EBX=00010d00 ECX=00000000 EDX=00000021
ESI=00000000 EDI=00000000 EBP=0007fefc ESP=0007fef4
EIP=00010058 EFL=00000206 [-----P-] CPL=0 II=0 A20=1 SMM=0 HLT=0
ES =0010 00000000 ffffffff 00cf9300 DPL=0 DS   [-WA]
CS =0008 00000000 ffffffff 00cf9a00 DPL=0 CS32 [-R-]
SS =0010 00000000 ffffffff 00cf9300 DPL=0 DS   [-WA]
DS =0010 00000000 ffffffff 00cf9300 DPL=0 DS   [-WA]
FS =0010 00000000 ffffffff 00cf9300 DPL=0 DS   [-WA]
GS =0010 00000000 ffffffff 00cf9300 DPL=0 DS   [-WA]
LDT=0000 00000000 0000ffff 00008200 DPL=0 LDT
TR =0000 00000000 0000ffff 00008b00 DPL=0 TSS32-busy
GDT=     0001049c 00000017
IDT=     00010500 000007ff
CR0=00000011 CR2=00000000 CR3=00000000 CR4=00000000
DR0=0000000000000000 DR1=0000000000000000 DR2=0000000000000000 DR3=0000000000000000 
DR6=00000000ffff0ff0 DR7=0000000000000400
CCS=00000004 CCD=0007fea8 CCO=EFLAGS
EFER=0000000000000000
Servicing hardware INT=0x21
    14: v=21 e=0000 i=0 cpl=0 IP=0008:0000000000010058 pc=0000000000010058 SP=0010:000000000007fef4 env->regs[R_EAX]=00000000000007ff
EAX=000007ff EBX=00010d00 ECX=00000000 EDX=00000021
ESI=00000000 EDI=00000000 EBP=0007fefc ESP=0007fef4
EIP=00010058 EFL=00000206 [-----P-] CPL=0 II=0 A20=1 SMM=0 HLT=0
ES =0010 00000000 ffffffff 00cf9300 DPL=0 DS   [-WA]
CS =0008 00000000 ffffffff 00cf9a00 DPL=0 CS32 [-R-]
SS =0010 00000000 ffffffff 00cf9300 DPL=0 DS   [-WA]
DS =0010 00000000 ffffffff 00cf9300 DPL=0 DS   [-WA]
FS =0010 00000000 ffffffff 00cf9300 DPL=0 DS   [-WA]
GS =0010 00000000 ffffffff 00cf9300 DPL=0 DS   [-WA]
LDT=0000 00000000 0000ffff 00008200 DPL=0 LDT
TR =0000 00000000 0000ffff 00008b00 DPL=0 TSS32-busy
GDT=     0001049c 00000017
IDT=     00010500 000007ff
CR0=00000011 CR2=00000000 CR3=00000000 CR4=00000000
DR0=0000000000000000 DR1=0000000000000000 DR2=0000000000000000 DR3=0000000000000000 
DR6=00000000ffff0ff0 DR7=0000000000000400
CCS=00000004 CCD=0007fea8 CCO=EFLAGS
EFER=0000000000000000
Servicing hardware INT=0x21
    15: v=21 e=0000 i=0 cpl=0 IP=0008:0000000000010058 pc=0000000000010058 SP=0010:000000000007fef4 env->regs[R_EAX]=00000000000007ff
EAX=000007ff EBX=00010d00 ECX=00000000 EDX=00000021
ESI=00000000 EDI=00000000 EBP=0007fefc ESP=0007fef4
EIP=00010058 EFL=00000206 [-----P-] CPL=0 II=0 A20=1 SMM=0 HLT=0
ES =0010 00000000 ffffffff 00cf9300 DPL=0 DS   [-WA]
CS =0008 00000000 ffffffff 00cf9a00 DPL=0 CS32 [-R-]
SS =0010 00000000 ffffffff 00cf9300 DPL=0 DS   [-WA]
DS =0010 00000000 ffffffff 00cf9300 DPL=0 DS   [-WA]
FS =0010 00000000 ffffffff 00cf9300 DPL=0 DS   [-WA]
GS =0010 00000000 ffffffff 00cf9300 DPL=0 DS   [-WA]
LDT=0000 00000000 0000ffff 00008200 DPL=0 LDT
TR =0000 00000000 0000ffff 00008b00 DPL=0 TSS32-busy
GDT=     0001049c 00000017
IDT=     00010500 000007ff
CR0=00000011 CR2=00000000 CR3=00000000 CR4=00000000
DR0=0000000000000000 DR1=0000000000000000 DR2=0000000000000000 DR3=0000000000000000 
DR6=00000000ffff0ff0 DR7=0000000000000400
CCS=00000004 CCD=0007fea8 CCO=EFLAGS
EFER=0000000000000000
Servicing hardware INT=0x21
    16: v=21 e=0000 i=0 cpl=0 IP=0008:0000000000010058 pc=0000000000010058 SP=0010:000000000007fef4 env->regs[R_EAX]=00000000000007ff
EAX=000007ff EBX=00010d00 ECX=00000000 EDX=00000021
ESI=00000000 EDI=00000000 EBP=0007fefc ESP=0007fef4
EIP=00010058 EFL=00000206 [-----P-] CPL=0 II=0 A20=1 SMM=0 HLT=0
ES =0010 00000000 ffffffff 00cf9300 DPL=0 DS   [-WA]
CS =0008 00000000 ffffffff 00cf9a00 DPL=0 CS32 [-R-]
SS =0010 00000000 ffffffff 00cf9300 DPL=0 DS   [-WA]
DS =0010 00000000 ffffffff 00cf9300 DPL=0 DS   [-WA]
FS =0010 00000000 ffffffff 00cf9300 DPL=0 DS   [-WA]
GS =0010 00000000 ffffffff 00cf9300 DPL=0 DS   [-WA]
LDT=0000 00000000 0000ffff 00008200 DPL=0 LDT
TR =0000 00000000 0000ffff 00008b00 DPL=0 TSS32-busy
GDT=     0001049c 00000017
IDT=     00010500 000007ff
CR0=00000011 CR2=00000000 CR3=00000000 CR4=00000000
DR0=0000000000000000 DR1=0000000000000000 DR2=0000000000000000 DR3=0000000000000000 
DR6=00000000ffff0ff0 DR7=0000000000000400
CCS=00000004 CCD=0007fea8 CCO=EFLAGS
EFER=0000000000000000
Servicing hardware INT=0x21
    17: v=21 e=0000 i=0 cpl=0 IP=0008:0000000000010058 pc=0000000000010058 SP=0010:000000000007fef4 env->regs[R_EAX]=00000000000007ff
EAX=000007ff EBX=00010d00 ECX=00000000 EDX=00000021
ESI=00000000 EDI=00000000 EBP=0007fefc ESP=0007fef4
EIP=00010058 EFL=00000206 [-----P-] CPL=0 II=0 A20=1 SMM=0 HLT=0
ES =0010 00000000 ffffffff 00cf9300 DPL=0 DS   [-WA]
CS =0008 00000000 ffffffff 00cf9a00 DPL=0 CS32 [-R-]
SS =0010 00000000 ffffffff 00cf9300 DPL=0 DS   [-WA]
DS =0010 00000000 ffffffff 00cf9300 DPL=0 DS   [-WA]
FS =0010 00000000 ffffffff 00cf9300 DPL=0 DS   [-WA]
GS =0010 00000000 ffffffff 00cf9300 DPL=0 DS   [-WA]
LDT=0000 00000000 0000ffff 00008200 DPL=0 LDT
TR =0000 00000000 0000ffff 00008b00 DPL=0 TSS32-busy
GDT=     0001049c 00000017
IDT=     00010500 000007ff
CR0=00000011 CR2=00000000 CR3=00000000 CR4=00000000
DR0=0000000000000000 DR1=0000000000000000 DR2=0000000000000000 DR3=0000000000000000 
DR6=00000000ffff0ff0 DR7=0000000000000400
CCS=00000004 CCD=0007fea8 CCO=EFLAGS
EFER=0000000000000000
Servicing hardware INT=0x21
    18: v=21 e=0000 i=0 cpl=0 IP=0008:0000000000010058 pc=0000000000010058 SP=0010:000000000007fef4 env->regs[R_EAX]=00000000000007ff
EAX=000007ff EBX=00010d00 ECX=00000000 EDX=00000021
ESI=00000000 EDI=00000000 EBP=0007fefc ESP=0007fef4
EIP=00010058 EFL=00000206 [-----P-] CPL=0 II=0 A20=1 SMM=0 HLT=0
ES =0010 00000000 ffffffff 00cf9300 DPL=0 DS   [-WA]
CS =0008 00000000 ffffffff 00cf9a00 DPL=0 CS32 [-R-]
SS =0010 00000000 ffffffff 00cf9300 DPL=0 DS   [-WA]
DS =0010 00000000 ffffffff 00cf9300 DPL=0 DS   [-WA]
FS =0010 00000000 ffffffff 00cf9300 DPL=0 DS   [-WA]
GS =0010 00000000 ffffffff 00cf9300 DPL=0 DS   [-WA]
LDT=0000 00000000 0000ffff 00008200 DPL=0 LDT
TR =0000 00000000 0000ffff 00008b00 DPL=0 TSS32-busy
GDT=     0001049c 00000017
IDT=     00010500 000007ff
CR0=00000011 CR2=00000000 CR3=00000000 CR4=00000000
DR0=0000000000000000 DR1=0000000000000000 DR2=0000000000000000 DR3=0000000000000000 
DR6=00000000ffff0ff0 DR7=0000000000000400
CCS=00000004 CCD=0007fea8 CCO=EFLAGS
EFER=0000000000000000
Servicing hardware INT=0x21
    19: v=21 e=0000 i=0 cpl=0 IP=0008:0000000000010058 pc=0000000000010058 SP=0010:000000000007fef4 env->regs[R_EAX]=00000000000007ff
EAX=000007ff EBX=00010d00 ECX=00000000 EDX=00000021
ESI=00000000 EDI=00000000 EBP=0007fefc ESP=0007fef4
EIP=00010058 EFL=00000206 [-----P-] CPL=0 II=0 A20=1 SMM=0 HLT=0
ES =0010 00000000 ffffffff 00cf9300 DPL=0 DS   [-WA]
CS =0008 00000000 ffffffff 00cf9a00 DPL=0 CS32 [-R-]
SS =0010 00000000 ffffffff 00cf9300 DPL=0 DS   [-WA]
DS =0010 00000000 ffffffff 00cf9300 DPL=0 DS   [-WA]
FS =0010 00000000 ffffffff 00cf9300 DPL=0 DS   [-WA]
GS =0010 00000000 ffffffff 00cf9300 DPL=0 DS   [-WA]
LDT=0000 00000000 0000ffff 00008200 DPL=0 LDT
TR =0000 00000000 0000ffff 00008b00 DPL=0 TSS32-busy
GDT=     0001049c 00000017
IDT=     00010500 000007ff
CR0=00000011 CR2=00000000 CR3=00000000 CR4=00000000
DR0=0000000000000000 DR1=0000000000000000 DR2=0000000000000000 DR3=0000000000000000 
DR6=00000000ffff0ff0 DR7=0000000000000400
CCS=00000004 CCD=0007fea8 CCO=EFLAGS
EFER=0000000000000000
Servicing hardware INT=0x21
    20: v=21 e=0000 i=0 cpl=0 IP=0008:0000000000010058 pc=0000000000010058 SP=0010:000000000007fef4 env->regs[R_EAX]=00000000000007ff
EAX=000007ff EBX=00010d00 ECX=00000000 EDX=00000021
ESI=00000000 EDI=00000000 EBP=0007fefc ESP=0007fef4
EIP=00010058 EFL=00000206 [-----P-] CPL=0 II=0 A20=1 SMM=0 HLT=0
ES =0010 00000000 ffffffff 00cf9300 DPL=0 DS   [-WA]
CS =0008 00000000 ffffffff 00cf9a00 DPL=0 CS32 [-R-]
SS =0010 00000000 ffffffff 00cf9300 DPL=0 DS   [-WA]
DS =0010 00000000 ffffffff 00cf9300 DPL=0 DS   [-WA]
FS =0010 00000000 ffffffff 00cf9300 DPL=0 DS   [-WA]
GS =0010 00000000 ffffffff 00cf9300 DPL=0 DS   [-WA]
LDT=0000 00000000 0000ffff 00008200 DPL=0 LDT
TR =0000 00000000 0000ffff 00008b00 DPL=0 TSS32-busy
GDT=     0001049c 00000017
IDT=     00010500 000007ff
CR0=00000011 CR2=00000000 CR3=00000000 CR4=00000000
DR0=0000000000000000 DR1=0000000000000000 DR2=0000000000000000 DR3=0000000000000000 
DR6=00000000ffff0ff0 DR7=0000000000000400
CCS=00000004 CCD=0007fea8 CCO=EFLAGS
EFER=0000000000000000
Servicing hardware INT=0x21
    21: v=21 e=0000 i=0 cpl=0 IP=0008:0000000000010058 pc=0000000000010058 SP=0010:000000000007fef4 env->regs[R_EAX]=00000000000007ff
EAX=000007ff EBX=00010d00 ECX=00000000 EDX=00000021
ESI=00000000 EDI=00000000 EBP=0007fefc ESP=0007fef4
EIP=00010058 EFL=00000206 [-----P-] CPL=0 II=0 A20=1 SMM=0 HLT=0
ES =0010 00000000 ffffffff 00cf9300 DPL=0 DS   [-WA]
CS =0008 00000000 ffffffff 00cf9a00 DPL=0 CS32 [-R-]
SS =0010 00000000 ffffffff 00cf9300 DPL=0 DS   [-WA]
DS =0010 00000000 ffffffff 00cf9300 DPL=0 DS   [-WA]
FS =0010 00000000 ffffffff 00cf9300 DPL=0 DS   [-WA]
GS =0010 00000000 ffffffff 00cf9300 DPL=0 DS   [-WA]
LDT=0000 00000000 0000ffff 00008200 DPL=0 LDT
TR =0000 00000000 0000ffff 00008b00 DPL=0 TSS32-busy
GDT=     0001049c 00000017
IDT=     00010500 000007ff
CR0=00000011 CR2=00000000 CR3=00000000 CR4=00000000
DR0=0000000000000000 DR1=0000000000000000 DR2=0000000000000000 DR3=0000000000000000 
DR6=00000000ffff0ff0 DR7=0000000000000400
CCS=00000004 CCD=0007fea8 CCO=EFLAGS
EFER=0000000000000000
Servicing hardware INT=0x21
    22: v=21 e=0000 i=0 cpl=0 IP=0008:0000000000010058 pc=0000000000010058 SP=0010:000000000007fef4 env->regs[R_EAX]=00000000000007ff
EAX=000007ff EBX=00010d00 ECX=00000000 EDX=00000021
ESI=00000000 EDI=00000000 EBP=0007fefc ESP=0007fef4
EIP=00010058 EFL=00000206 [-----P-] CPL=0 II=0 A20=1 SMM=0 HLT=0
ES =0010 00000000 ffffffff 00cf9300 DPL=0 DS   [-WA]
CS =0008 00000000 ffffffff 00cf9a00 DPL=0 CS32 [-R-]
SS =0010 00000000 ffffffff 00cf9300 DPL=0 DS   [-WA]
DS =0010 00000000 ffffffff 00cf9300 DPL=0 DS   [-WA]
FS =0010 00000000 ffffffff 00cf9300 DPL=0 DS   [-WA]
GS =0010 00000000 ffffffff 00cf9300 DPL=0 DS   [-WA]
LDT=0000 00000000 0000ffff 00008200 DPL=0 LDT
TR =0000 00000000 0000ffff 00008b00 DPL=0 TSS32-busy
GDT=     0001049c 00000017
IDT=     00010500 000007ff
CR0=00000011 CR2=00000000 CR3=00000000 CR4=00000000
DR0=0000000000000000 DR1=0000000000000000 DR2=0000000000000000 DR3=0000000000000000 
DR6=00000000ffff0ff0 DR7=0000000000000400
CCS=00000004 CCD=0007fea8 CCO=EFLAGS
EFER=0000000000000000
Servicing hardware INT=0x21
    23: v=21 e=0000 i=0 cpl=0 IP=0008:0000000000010058 pc=0000000000010058 SP=0010:000000000007fef4 env->regs[R_EAX]=00000000000007ff
EAX=000007ff EBX=00010d00 ECX=00000000 EDX=00000021
ESI=00000000 EDI=00000000 EBP=0007fefc ESP=0007fef4
EIP=00010058 EFL=00000206 [-----P-] CPL=0 II=0 A20=1 SMM=0 HLT=0
ES =0010 00000000 ffffffff 00cf9300 DPL=0 DS   [-WA]
CS =0008 00000000 ffffffff 00cf9a00 DPL=0 CS32 [-R-]
SS =0010 00000000 ffffffff 00cf9300 DPL=0 DS   [-WA]
DS =0010 00000000 ffffffff 00cf9300 DPL=0 DS   [-WA]
FS =0010 00000000 ffffffff 00cf9300 DPL=0 DS   [-WA]
GS =0010 00000000 ffffffff 00cf9300 DPL=0 DS   [-WA]
LDT=0000 00000000 0000ffff 00008200 DPL=0 LDT
TR =0000 00000000 0000ffff 00008b00 DPL=0 TSS32-busy
GDT=     0001049c 00000017
IDT=     00010500 000007ff
CR0=00000011 CR2=00000000 CR3=00000000 CR4=00000000
DR0=0000000000000000 DR1=0000000000000000 DR2=0000000000000000 DR3=0000000000000000 
DR6=00000000ffff0ff0 DR7=0000000000000400
CCS=00000004 CCD=0007fea8 CCO=EFLAGS
EFER=0000000000000000
Servicing hardware INT=0x21
    24: v=21 e=0000 i=0 cpl=0 IP=0008:0000000000010058 pc=0000000000010058 SP=0010:000000000007fef4 env->regs[R_EAX]=00000000000007ff
EAX=000007ff EBX=00010d00 ECX=00000000 EDX=00000021
ESI=00000000 EDI=00000000 EBP=0007fefc ESP=0007fef4
EIP=00010058 EFL=00000206 [-----P-] CPL=0 II=0 A20=1 SMM=0 HLT=0
ES =0010 00000000 ffffffff 00cf9300 DPL=0 DS   [-WA]
CS =0008 00000000 ffffffff 00cf9a00 DPL=0 CS32 [-R-]
SS =0010 00000000 ffffffff 00cf9300 DPL=0 DS   [-WA]
DS =0010 00000000 ffffffff 00cf9300 DPL=0 DS   [-WA]
FS =0010 00000000 ffffffff 00cf9300 DPL=0 DS   [-WA]
GS =0010 00000000 ffffffff 00cf9300 DPL=0 DS   [-WA]
LDT=0000 00000000 0000ffff 00008200 DPL=0 LDT
TR =0000 00000000 0000ffff 00008b00 DPL=0 TSS32-busy
GDT=     0001049c 00000017
IDT=     00010500 000007ff
CR0=00000011 CR2=00000000 CR3=00000000 CR4=00000000
DR0=0000000000000000 DR1=0000000000000000 DR2=0000000000000000 DR3=0000000000000000 
DR6=00000000ffff0ff0 DR7=0000000000000400
CCS=00000004 CCD=0007fea8 CCO=EFLAGS
EFER=0000000000000000
Servicing hardware INT=0x21
    25: v=21 e=0000 i=0 cpl=0 IP=0008:0000000000010058 pc=0000000000010058 SP=0010:000000000007fef4 env->regs[R_EAX]=00000000000007ff
EAX=000007ff EBX=00010d00 ECX=00000000 EDX=00000021
ESI=00000000 EDI=00000000 EBP=0007fefc ESP=0007fef4
EIP=00010058 EFL=00000206 [-----P-] CPL=0 II=0 A20=1 SMM=0 HLT=0
ES =0010 00000000 ffffffff 00cf9300 DPL=0 DS   [-WA]
CS =0008 00000000 ffffffff 00cf9a00 DPL=0 CS32 [-R-]
SS =0010 00000000 ffffffff 00cf9300 DPL=0 DS   [-WA]
DS =0010 00000000 ffffffff 00cf9300 DPL=0 DS   [-WA]
FS =0010 00000000 ffffffff 00cf9300 DPL=0 DS   [-WA]
GS =0010 00000000 ffffffff 00cf9300 DPL=0 DS   [-WA]
LDT=0000 00000000 0000ffff 00008200 DPL=0 LDT
TR =0000 00000000 0000ffff 00008b00 DPL=0 TSS32-busy
GDT=     0001049c 00000017
IDT=     00010500 000007ff
CR0=00000011 CR2=00000000 CR3=00000000 CR4=00000000
DR0=0000000000000000 DR1=0000000000000000 DR2=0000000000000000 DR3=0000000000000000 
DR6=00000000ffff0ff0 DR7=0000000000000400
CCS=00000004 CCD=0007fea8 CCO=EFLAGS
EFER=0000000000000000
Servicing hardware INT=0x21
    26: v=21 e=0000 i=0 cpl=0 IP=0008:0000000000010058 pc=0000000000010058 SP=0010:000000000007fef4 env->regs[R_EAX]=00000000000007ff
EAX=000007ff EBX=00010d00 ECX=00000000 EDX=00000021
ESI=00000000 EDI=00000000 EBP=0007fefc ESP=0007fef4
EIP=00010058 EFL=00000206 [-----P-] CPL=0 II=0 A20=1 SMM=0 HLT=0
ES =0010 00000000 ffffffff 00cf9300 DPL=0 DS   [-WA]
CS =0008 00000000 ffffffff 00cf9a00 DPL=0 CS32 [-R-]
SS =0010 00000000 ffffffff 00cf9300 DPL=0 DS   [-WA]
DS =0010 00000000 ffffffff 00cf9300 DPL=0 DS   [-WA]
FS =0010 00000000 ffffffff 00cf9300 DPL=0 DS   [-WA]
GS =0010 00000000 ffffffff 00cf9300 DPL=0 DS   [-WA]
LDT=0000 00000000 0000ffff 00008200 DPL=0 LDT
TR =0000 00000000 0000ffff 00008b00 DPL=0 TSS32-busy
GDT=     0001049c 00000017
IDT=     00010500 000007ff
CR0=00000011 CR2=00000000 CR3=00000000 CR4=00000000
DR0=0000000000000000 DR1=0000000000000000 DR2=0000000000000000 DR3=0000000000000000 
DR6=00000000ffff0ff0 DR7=0000000000000400
CCS=00000004 CCD=0007fea8 CCO=EFLAGS
EFER=0000000000000000
Servicing hardware INT=0x21
    27: v=21 e=0000 i=0 cpl=0 IP=0008:0000000000010058 pc=0000000000010058 SP=0010:000000000007fef4 env->regs[R_EAX]=00000000000007ff
EAX=000007ff EBX=00010d00 ECX=00000000 EDX=00000021
ESI=00000000 EDI=00000000 EBP=0007fefc ESP=0007fef4
EIP=00010058 EFL=00000206 [-----P-] CPL=0 II=0 A20=1 SMM=0 HLT=0
ES =0010 00000000 ffffffff 00cf9300 DPL=0 DS   [-WA]
CS =0008 00000000 ffffffff 00cf9a00 DPL=0 CS32 [-R-]
SS =0010 00000000 ffffffff 00cf9300 DPL=0 DS   [-WA]
DS =0010 00000000 ffffffff 00cf9300 DPL=0 DS   [-WA]
FS =0010 00000000 ffffffff 00cf9300 DPL=0 DS   [-WA]
GS =0010 00000000 ffffffff 00cf9300 DPL=0 DS   [-WA]
LDT=0000 00000000 0000ffff 00008200 DPL=0 LDT
TR =0000 00000000 0000ffff 00008b00 DPL=0 TSS32-busy
GDT=     0001049c 00000017
IDT=     00010500 000007ff
CR0=00000011 CR2=00000000 CR3=00000000 CR4=00000000
DR0=0000000000000000 DR1=0000000000000000 DR2=0000000000000000 DR3=0000000000000000 
DR6=00000000ffff0ff0 DR7=0000000000000400
CCS=00000004 CCD=0007fea8 CCO=EFLAGS
EFER=0000000000000000
Servicing hardware INT=0x21
    28: v=21 e=0000 i=0 cpl=0 IP=0008:0000000000010058 pc=0000000000010058 SP=0010:000000000007fef4 env->regs[R_EAX]=00000000000007ff
EAX=000007ff EBX=00010d00 ECX=00000000 EDX=00000021
ESI=00000000 EDI=00000000 EBP=0007fefc ESP=0007fef4
EIP=00010058 EFL=00000206 [-----P-] CPL=0 II=0 A20=1 SMM=0 HLT=0
ES =0010 00000000 ffffffff 00cf9300 DPL=0 DS   [-WA]
CS =0008 00000000 ffffffff 00cf9a00 DPL=0 CS32 [-R-]
SS =0010 00000000 ffffffff 00cf9300 DPL=0 DS   [-WA]
DS =0010 00000000 ffffffff 00cf9300 DPL=0 DS   [-WA]
FS =0010 00000000 ffffffff 00cf9300 DPL=0 DS   [-WA]
GS =0010 00000000 ffffffff 00cf9300 DPL=0 DS   [-WA]
LDT=0000 00000000 0000ffff 00008200 DPL=0 LDT
TR =0000 00000000 0000ffff 00008b00 DPL=0 TSS32-busy
GDT=     0001049c 00000017
IDT=     00010500 000007ff
CR0=00000011 CR2=00000000 CR3=00000000 CR4=00000000
DR0=0000000000000000 DR1=0000000000000000 DR2=0000000000000000 DR3=0000000000000000 
DR6=00000000ffff0ff0 DR7=0000000000000400
CCS=00000004 CCD=0007fea8 CCO=EFLAGS
EFER=0000000000000000
Servicing hardware INT=0x21
    29: v=21 e=0000 i=0 cpl=0 IP=0008:0000000000010058 pc=0000000000010058 SP=0010:000000000007fef4 env->regs[R_EAX]=00000000000007ff
EAX=000007ff EBX=00010d00 ECX=00000000 EDX=00000021
ESI=00000000 EDI=00000000 EBP=0007fefc ESP=0007fef4
EIP=00010058 EFL=00000206 [-----P-] CPL=0 II=0 A20=1 SMM=0 HLT=0
ES =0010 00000000 ffffffff 00cf9300 DPL=0 DS   [-WA]
CS =0008 00000000 ffffffff 00cf9a00 DPL=0 CS32 [-R-]
SS =0010 00000000 ffffffff 00cf9300 DPL=0 DS   [-WA]
DS =0010 00000000 ffffffff 00cf9300 DPL=0 DS   [-WA]
FS =0010 00000000 ffffffff 00cf9300 DPL=0 DS   [-WA]
GS =0010 00000000 ffffffff 00cf9300 DPL=0 DS   [-WA]
LDT=0000 00000000 0000ffff 00008200 DPL=0 LDT
TR =0000 00000000 0000ffff 00008b00 DPL=0 TSS32-busy
GDT=     0001049c 00000017
IDT=     00010500 000007ff
CR0=00000011 CR2=00000000 CR3=00000000 CR4=00000000
DR0=0000000000000000 DR1=0000000000000000 DR2=0000000000000000 DR3=0000000000000000 
DR6=00000000ffff0ff0 DR7=0000000000000400
CCS=00000004 CCD=0007fea8 CCO=EFLAGS
EFER=0000000000000000
Servicing hardware INT=0x21
    30: v=21 e=0000 i=0 cpl=0 IP=0008:0000000000010058 pc=0000000000010058 SP=0010:000000000007fef4 env->regs[R_EAX]=00000000000007ff
EAX=000007ff EBX=00010d00 ECX=00000000 EDX=00000021
ESI=00000000 EDI=00000000 EBP=0007fefc ESP=0007fef4
EIP=00010058 EFL=00000206 [-----P-] CPL=0 II=0 A20=1 SMM=0 HLT=0
ES =0010 00000000 ffffffff 00cf9300 DPL=0 DS   [-WA]
CS =0008 00000000 ffffffff 00cf9a00 DPL=0 CS32 [-R-]
SS =0010 00000000 ffffffff 00cf9300 DPL=0 DS   [-WA]
DS =0010 00000000 ffffffff 00cf9300 DPL=0 DS   [-WA]
FS =0010 00000000 ffffffff 00cf9300 DPL=0 DS   [-WA]
GS =0010 00000000 ffffffff 00cf9300 DPL=0 DS   [-WA]
LDT=0000 00000000 0000ffff 00008200 DPL=0 LDT
TR =0000 00000000 0000ffff 00008b00 DPL=0 TSS32-busy
GDT=     0001049c 00000017
IDT=     00010500 000007ff
CR0=00000011 CR2=00000000 CR3=00000000 CR4=00000000
DR0=0000000000000000 DR1=0000000000000000 DR2=0000000000000000 DR3=0000000000000000 
DR6=00000000ffff0ff0 DR7=0000000000000400
CCS=00000004 CCD=0007fea8 CCO=EFLAGS
EFER=0000000000000000
Servicing hardware INT=0x21
    31: v=21 e=0000 i=0 cpl=0 IP=0008:0000000000010058 pc=0000000000010058 SP=0010:000000000007fef4 env->regs[R_EAX]=00000000000007ff
EAX=000007ff EBX=00010d00 ECX=00000000 EDX=00000021
ESI=00000000 EDI=00000000 EBP=0007fefc ESP=0007fef4
EIP=00010058 EFL=00000206 [-----P-] CPL=0 II=0 A20=1 SMM=0 HLT=0
ES =0010 00000000 ffffffff 00cf9300 DPL=0 DS   [-WA]
CS =0008 00000000 ffffffff 00cf9a00 DPL=0 CS32 [-R-]
SS =0010 00000000 ffffffff 00cf9300 DPL=0 DS   [-WA]
DS =0010 00000000 ffffffff 00cf9300 DPL=0 DS   [-WA]
FS =0010 00000000 ffffffff 00cf9300 DPL=0 DS   [-WA]
GS =0010 00000000 ffffffff 00cf9300 DPL=0 DS   [-WA]
LDT=0000 00000000 0000ffff 00008200 DPL=0 LDT
TR =0000 00000000 0000ffff 00008b00 DPL=0 TSS32-busy
GDT=     0001049c 00000017
IDT=     00010500 000007ff
CR0=00000011 CR2=00000000 CR3=00000000 CR4=00000000
DR0=0000000000000000 DR1=0000000000000000 DR2=0000000000000000 DR3=0000000000000000 
DR6=00000000ffff0ff0 DR7=0000000000000400
CCS=00000004 CCD=0007fea8 CCO=EFLAGS
EFER=0000000000000000
Servicing hardware INT=0x21
    32: v=21 e=0000 i=0 cpl=0 IP=0008:0000000000010058 pc=0000000000010058 SP=0010:000000000007fef4 env->regs[R_EAX]=00000000000007ff
EAX=000007ff EBX=00010d00 ECX=00000000 EDX=00000021
ESI=00000000 EDI=00000000 EBP=0007fefc ESP=0007fef4
EIP=00010058 EFL=00000206 [-----P-] CPL=0 II=0 A20=1 SMM=0 HLT=0
ES =0010 00000000 ffffffff 00cf9300 DPL=0 DS   [-WA]
CS =0008 00000000 ffffffff 00cf9a00 DPL=0 CS32 [-R-]
SS =0010 00000000 ffffffff 00cf9300 DPL=0 DS   [-WA]
DS =0010 00000000 ffffffff 00cf9300 DPL=0 DS   [-WA]
FS =0010 00000000 ffffffff 00cf9300 DPL=0 DS   [-WA]
GS =0010 00000000 ffffffff 00cf9300 DPL=0 DS   [-WA]
LDT=0000 00000000 0000ffff 00008200 DPL=0 LDT
TR =0000 00000000 0000ffff 00008b00 DPL=0 TSS32-busy
GDT=     0001049c 00000017
IDT=     00010500 000007ff
CR0=00000011 CR2=00000000 CR3=00000000 CR4=00000000
DR0=0000000000000000 DR1=0000000000000000 DR2=0000000000000000 DR3=0000000000000000 
DR6=00000000ffff0ff0 DR7=0000000000000400
CCS=00000004 CCD=0007fea8 CCO=EFLAGS
EFER=0000000000000000
Servicing hardware INT=0x21
    33: v=21 e=0000 i=0 cpl=0 IP=0008:0000000000010058 pc=0000000000010058 SP=0010:000000000007fef4 env->regs[R_EAX]=00000000000007ff
EAX=000007ff EBX=00010d00 ECX=00000000 EDX=00000021
ESI=00000000 EDI=00000000 EBP=0007fefc ESP=0007fef4
EIP=00010058 EFL=00000206 [-----P-] CPL=0 II=0 A20=1 SMM=0 HLT=0
ES =0010 00000000 ffffffff 00cf9300 DPL=0 DS   [-WA]
CS =0008 00000000 ffffffff 00cf9a00 DPL=0 CS32 [-R-]
SS =0010 00000000 ffffffff 00cf9300 DPL=0 DS   [-WA]
DS =0010 00000000 ffffffff 00cf9300 DPL=0 DS   [-WA]
FS =0010 00000000 ffffffff 00cf9300 DPL=0 DS   [-WA]
GS =0010 00000000 ffffffff 00cf9300 DPL=0 DS   [-WA]
LDT=0000 00000000 0000ffff 00008200 DPL=0 LDT
TR =0000 00000000 0000ffff 00008b00 DPL=0 TSS32-busy
GDT=     0001049c 00000017
IDT=     00010500 000007ff
CR0=00000011 CR2=00000000 CR3=00000000 CR4=00000000
DR0=0000000000000000 DR1=0000000000000000 DR2=0000000000000000 DR3=0000000000000000 
DR6=00000000ffff0ff0 DR7=0000000000000400
CCS=00000004 CCD=0007fea8 CCO=EFLAGS
EFER=0000000000000000
Servicing hardware INT=0x21
    34: v=21 e=0000 i=0 cpl=0 IP=0008:0000000000010058 pc=0000000000010058 SP=0010:000000000007fef4 env->regs[R_EAX]=00000000000007ff
EAX=000007ff EBX=00010d00 ECX=00000000 EDX=00000021
ESI=00000000 EDI=00000000 EBP=0007fefc ESP=0007fef4
EIP=00010058 EFL=00000206 [-----P-] CPL=0 II=0 A20=1 SMM=0 HLT=0
ES =0010 00000000 ffffffff 00cf9300 DPL=0 DS   [-WA]
CS =0008 00000000 ffffffff 00cf9a00 DPL=0 CS32 [-R-]
SS =0010 00000000 ffffffff 00cf9300 DPL=0 DS   [-WA]
DS =0010 00000000 ffffffff 00cf9300 DPL=0 DS   [-WA]
FS =0010 00000000 ffffffff 00cf9300 DPL=0 DS   [-WA]
GS =0010 00000000 ffffffff 00cf9300 DPL=0 DS   [-WA]
LDT=0000 00000000 0000ffff 00008200 DPL=0 LDT
TR =0000 00000000 0000ffff 00008b00 DPL=0 TSS32-busy
GDT=     0001049c 00000017
IDT=     00010500 000007ff
CR0=00000011 CR2=00000000 CR3=00000000 CR4=00000000
DR0=0000000000000000 DR1=0000000000000000 DR2=0000000000000000 DR3=0000000000000000 
DR6=00000000ffff0ff0 DR7=0000000000000400
CCS=00000004 CCD=0007fea8 CCO=EFLAGS
EFER=0000000000000000
Servicing hardware INT=0x21
    35: v=21 e=0000 i=0 cpl=0 IP=0008:0000000000010058 pc=0000000000010058 SP=0010:000000000007fef4 env->regs[R_EAX]=00000000000007ff
EAX=000007ff EBX=00010d00 ECX=00000000 EDX=00000021
ESI=00000000 EDI=00000000 EBP=0007fefc ESP=0007fef4
EIP=00010058 EFL=00000206 [-----P-] CPL=0 II=0 A20=1 SMM=0 HLT=0
ES =0010 00000000 ffffffff 00cf9300 DPL=0 DS   [-WA]
CS =0008 00000000 ffffffff 00cf9a00 DPL=0 CS32 [-R-]
SS =0010 00000000 ffffffff 00cf9300 DPL=0 DS   [-WA]
DS =0010 00000000 ffffffff 00cf9300 DPL=0 DS   [-WA]
FS =0010 00000000 ffffffff 00cf9300 DPL=0 DS   [-WA]
GS =0010 00000000 ffffffff 00cf9300 DPL=0 DS   [-WA]
LDT=0000 00000000 0000ffff 00008200 DPL=0 LDT
TR =0000 00000000 0000ffff 00008b00 DPL=0 TSS32-busy
GDT=     0001049c 00000017
IDT=     00010500 000007ff
CR0=00000011 CR2=00000000 CR3=00000000 CR4=00000000
DR0=0000000000000000 DR1=0000000000000000 DR2=0000000000000000 DR3=0000000000000000 
DR6=00000000ffff0ff0 DR7=0000000000000400
CCS=00000004 CCD=0007fea8 CCO=EFLAGS
EFER=0000000000000000
Servicing hardware INT=0x21
    36: v=21 e=0000 i=0 cpl=0 IP=0008:0000000000010058 pc=0000000000010058 SP=0010:000000000007fef4 env->regs[R_EAX]=00000000000007ff
EAX=000007ff EBX=00010d00 ECX=00000000 EDX=00000021
ESI=00000000 EDI=00000000 EBP=0007fefc ESP=0007fef4
EIP=00010058 EFL=00000206 [-----P-] CPL=0 II=0 A20=1 SMM=0 HLT=0
ES =0010 00000000 ffffffff 00cf9300 DPL=0 DS   [-WA]
CS =0008 00000000 ffffffff 00cf9a00 DPL=0 CS32 [-R-]
SS =0010 00000000 ffffffff 00cf9300 DPL=0 DS   [-WA]
DS =0010 00000000 ffffffff 00cf9300 DPL=0 DS   [-WA]
FS =0010 00000000 ffffffff 00cf9300 DPL=0 DS   [-WA]
GS =0010 00000000 ffffffff 00cf9300 DPL=0 DS   [-WA]
LDT=0000 00000000 0000ffff 00008200 DPL=0 LDT
TR =0000 00000000 0000ffff 00008b00 DPL=0 TSS32-busy
GDT=     0001049c 00000017
IDT=     00010500 000007ff
CR0=00000011 CR2=00000000 CR3=00000000 CR4=00000000
DR0=0000000000000000 DR1=0000000000000000 DR2=0000000000000000 DR3=0000000000000000 
DR6=00000000ffff0ff0 DR7=0000000000000400
CCS=00000004 CCD=0007fea8 CCO=EFLAGS
EFER=0000000000000000
Servicing hardware INT=0x21
    37: v=21 e=0000 i=0 cpl=0 IP=0008:0000000000010058 pc=0000000000010058 SP=0010:000000000007fef4 env->regs[R_EAX]=00000000000007ff
EAX=000007ff EBX=00010d00 ECX=00000000 EDX=00000021
ESI=00000000 EDI=00000000 EBP=0007fefc ESP=0007fef4
EIP=00010058 EFL=00000206 [-----P-] CPL=0 II=0 A20=1 SMM=0 HLT=0
ES =0010 00000000 ffffffff 00cf9300 DPL=0 DS   [-WA]
CS =0008 00000000 ffffffff 00cf9a00 DPL=0 CS32 [-R-]
SS =0010 00000000 ffffffff 00cf9300 DPL=0 DS   [-WA]
DS =0010 00000000 ffffffff 00cf9300 DPL=0 DS   [-WA]
FS =0010 00000000 ffffffff 00cf9300 DPL=0 DS   [-WA]
GS =0010 00000000 ffffffff 00cf9300 DPL=0 DS   [-WA]
LDT=0000 00000000 0000ffff 00008200 DPL=0 LDT
TR =0000 00000000 0000ffff 00008b00 DPL=0 TSS32-busy
GDT=     0001049c 00000017
IDT=     00010500 000007ff
CR0=00000011 CR2=00000000 CR3=00000000 CR4=00000000
DR0=0000000000000000 DR1=0000000000000000 DR2=0000000000000000 DR3=0000000000000000 
DR6=00000000ffff0ff0 DR7=0000000000000400
CCS=00000004 CCD=0007fea8 CCO=EFLAGS
EFER=0000000000000000
Servicing hardware INT=0x21
    38: v=21 e=0000 i=0 cpl=0 IP=0008:0000000000010058 pc=0000000000010058 SP=0010:000000000007fef4 env->regs[R_EAX]=00000000000007ff
EAX=000007ff EBX=00010d00 ECX=00000000 EDX=00000021
ESI=00000000 EDI=00000000 EBP=0007fefc ESP=0007fef4
EIP=00010058 EFL=00000206 [-----P-] CPL=0 II=0 A20=1 SMM=0 HLT=0
ES =0010 00000000 ffffffff 00cf9300 DPL=0 DS   [-WA]
CS =0008 00000000 ffffffff 00cf9a00 DPL=0 CS32 [-R-]
SS =0010 00000000 ffffffff 00cf9300 DPL=0 DS   [-WA]
DS =0010 00000000 ffffffff 00cf9300 DPL=0 DS   [-WA]
FS =0010 00000000 ffffffff 00cf9300 DPL=0 DS   [-WA]
GS =0010 00000000 ffffffff 00cf9300 DPL=0 DS   [-WA]
LDT=0000 00000000 0000ffff 00008200 DPL=0 LDT
TR =0000 00000000 0000ffff 00008b00 DPL=0 TSS32-busy
GDT=     0001049c 00000017
IDT=     00010500 000007ff
CR0=00000011 CR2=00000000 CR3=00000000 CR4=00000000
DR0=0000000000000000 DR1=0000000000000000 DR2=0000000000000000 DR3=0000000000000000 
DR6=00000000ffff0ff0 DR7=0000000000000400
CCS=00000004 CCD=0007fea8 CCO=EFLAGS
EFER=0000000000000000
Servicing hardware INT=0x21
    39: v=21 e=0000 i=0 cpl=0 IP=0008:0000000000010058 pc=0000000000010058 SP=0010:000000000007fef4 env->regs[R_EAX]=00000000000007ff
EAX=000007ff EBX=00010d00 ECX=00000000 EDX=00000021
ESI=00000000 EDI=00000000 EBP=0007fefc ESP=0007fef4
EIP=00010058 EFL=00000206 [-----P-] CPL=0 II=0 A20=1 SMM=0 HLT=0
ES =0010 00000000 ffffffff 00cf9300 DPL=0 DS   [-WA]
CS =0008 00000000 ffffffff 00cf9a00 DPL=0 CS32 [-R-]
SS =0010 00000000 ffffffff 00cf9300 DPL=0 DS   [-WA]
DS =0010 00000000 ffffffff 00cf9300 DPL=0 DS   [-WA]
FS =0010 00000000 ffffffff 00cf9300 DPL=0 DS   [-WA]
GS =0010 00000000 ffffffff 00cf9300 DPL=0 DS   [-WA]
LDT=0000 00000000 0000ffff 00008200 DPL=0 LDT
TR =0000 00000000 0000ffff 00008b00 DPL=0 TSS32-busy
GDT=     0001049c 00000017
IDT=     00010500 000007ff
CR0=00000011 CR2=00000000 CR3=00000000 CR4=00000000
DR0=0000000000000000 DR1=0000000000000000 DR2=0000000000000000 DR3=0000000000000000 
DR6=00000000ffff0ff0 DR7=0000000000000400
CCS=00000004 CCD=0007fea8 CCO=EFLAGS
EFER=0000000000000000
Servicing hardware INT=0x21
    40: v=21 e=0000 i=0 cpl=0 IP=0008:0000000000010058 pc=0000000000010058 SP=0010:000000000007fef4 env->regs[R_EAX]=00000000000007ff
EAX=000007ff EBX=00010d00 ECX=00000000 EDX=00000021
ESI=00000000 EDI=00000000 EBP=0007fefc ESP=0007fef4
EIP=00010058 EFL=00000206 [-----P-] CPL=0 II=0 A20=1 SMM=0 HLT=0
ES =0010 00000000 ffffffff 00cf9300 DPL=0 DS   [-WA]
CS =0008 00000000 ffffffff 00cf9a00 DPL=0 CS32 [-R-]
SS =0010 00000000 ffffffff 00cf9300 DPL=0 DS   [-WA]
DS =0010 00000000 ffffffff 00cf9300 DPL=0 DS   [-WA]
FS =0010 00000000 ffffffff 00cf9300 DPL=0 DS   [-WA]
GS =0010 00000000 ffffffff 00cf9300 DPL=0 DS   [-WA]
LDT=0000 00000000 0000ffff 00008200 DPL=0 LDT
TR =0000 00000000 0000ffff 00008b00 DPL=0 TSS32-busy
GDT=     0001049c 00000017
IDT=     00010500 000007ff
CR0=00000011 CR2=00000000 CR3=00000000 CR4=00000000
DR0=0000000000000000 DR1=0000000000000000 DR2=0000000000000000 DR3=0000000000000000 
DR6=00000000ffff0ff0 DR7=0000000000000400
CCS=00000004 CCD=0007fea8 CCO=EFLAGS
EFER=0000000000000000
Servicing hardware INT=0x21
    41: v=21 e=0000 i=0 cpl=0 IP=0008:0000000000010058 pc=0000000000010058 SP=0010:000000000007fef4 env->regs[R_EAX]=00000000000007ff
EAX=000007ff EBX=00010d00 ECX=00000000 EDX=00000021
ESI=00000000 EDI=00000000 EBP=0007fefc ESP=0007fef4
EIP=00010058 EFL=00000206 [-----P-] CPL=0 II=0 A20=1 SMM=0 HLT=0
ES =0010 00000000 ffffffff 00cf9300 DPL=0 DS   [-WA]
CS =0008 00000000 ffffffff 00cf9a00 DPL=0 CS32 [-R-]
SS =0010 00000000 ffffffff 00cf9300 DPL=0 DS   [-WA]
DS =0010 00000000 ffffffff 00cf9300 DPL=0 DS   [-WA]
FS =0010 00000000 ffffffff 00cf9300 DPL=0 DS   [-WA]
GS =0010 00000000 ffffffff 00cf9300 DPL=0 DS   [-WA]
LDT=0000 00000000 0000ffff 00008200 DPL=0 LDT
TR =0000 00000000 0000ffff 00008b00 DPL=0 TSS32-busy
GDT=     0001049c 00000017
IDT=     00010500 000007ff
CR0=00000011 CR2=00000000 CR3=00000000 CR4=00000000
DR0=0000000000000000 DR1=0000000000000000 DR2=0000000000000000 DR3=0000000000000000 
DR6=00000000ffff0ff0 DR7=0000000000000400
CCS=00000004 CCD=0007fea8 CCO=EFLAGS
EFER=0000000000000000
Servicing hardware INT=0x21
    42: v=21 e=0000 i=0 cpl=0 IP=0008:0000000000010058 pc=0000000000010058 SP=0010:000000000007fef4 env->regs[R_EAX]=00000000000007ff
EAX=000007ff EBX=00010d00 ECX=00000000 EDX=00000021
ESI=00000000 EDI=00000000 EBP=0007fefc ESP=0007fef4
EIP=00010058 EFL=00000206 [-----P-] CPL=0 II=0 A20=1 SMM=0 HLT=0
ES =0010 00000000 ffffffff 00cf9300 DPL=0 DS   [-WA]
CS =0008 00000000 ffffffff 00cf9a00 DPL=0 CS32 [-R-]
SS =0010 00000000 ffffffff 00cf9300 DPL=0 DS   [-WA]
DS =0010 00000000 ffffffff 00cf9300 DPL=0 DS   [-WA]
FS =0010 00000000 ffffffff 00cf9300 DPL=0 DS   [-WA]
GS =0010 00000000 ffffffff 00cf9300 DPL=0 DS   [-WA]
LDT=0000 00000000 0000ffff 00008200 DPL=0 LDT
TR =0000 00000000 0000ffff 00008b00 DPL=0 TSS32-busy
GDT=     0001049c 00000017
IDT=     00010500 000007ff
CR0=00000011 CR2=00000000 CR3=00000000 CR4=00000000
DR0=0000000000000000 DR1=0000000000000000 DR2=0000000000000000 DR3=0000000000000000 
DR6=00000000ffff0ff0 DR7=0000000000000400
CCS=00000004 CCD=0007fea8 CCO=EFLAGS
EFER=0000000000000000
Servicing hardware INT=0x21
    43: v=21 e=0000 i=0 cpl=0 IP=0008:0000000000010058 pc=0000000000010058 SP=0010:000000000007fef4 env->regs[R_EAX]=00000000000007ff
EAX=000007ff EBX=00010d00 ECX=00000000 EDX=00000021
ESI=00000000 EDI=00000000 EBP=0007fefc ESP=0007fef4
EIP=00010058 EFL=00000206 [-----P-] CPL=0 II=0 A20=1 SMM=0 HLT=0
ES =0010 00000000 ffffffff 00cf9300 DPL=0 DS   [-WA]
CS =0008 00000000 ffffffff 00cf9a00 DPL=0 CS32 [-R-]
SS =0010 00000000 ffffffff 00cf9300 DPL=0 DS   [-WA]
DS =0010 00000000 ffffffff 00cf9300 DPL=0 DS   [-WA]
FS =0010 00000000 ffffffff 00cf9300 DPL=0 DS   [-WA]
GS =0010 00000000 ffffffff 00cf9300 DPL=0 DS   [-WA]
LDT=0000 00000000 0000ffff 00008200 DPL=0 LDT
TR =0000 00000000 0000ffff 00008b00 DPL=0 TSS32-busy
GDT=     0001049c 00000017
IDT=     00010500 000007ff
CR0=00000011 CR2=00000000 CR3=00000000 CR4=00000000
DR0=0000000000000000 DR1=0000000000000000 DR2=0000000000000000 DR3=0000000000000000 
DR6=00000000ffff0ff0 DR7=0000000000000400
CCS=00000004 CCD=0007fea8 CCO=EFLAGS
EFER=0000000000000000
Servicing hardware INT=0x21
    44: v=21 e=0000 i=0 cpl=0 IP=0008:0000000000010058 pc=0000000000010058 SP=0010:000000000007fef4 env->regs[R_EAX]=00000000000007ff
EAX=000007ff EBX=00010d00 ECX=00000000 EDX=00000021
ESI=00000000 EDI=00000000 EBP=0007fefc ESP=0007fef4
EIP=00010058 EFL=00000206 [-----P-] CPL=0 II=0 A20=1 SMM=0 HLT=0
ES =0010 00000000 ffffffff 00cf9300 DPL=0 DS   [-WA]
CS =0008 00000000 ffffffff 00cf9a00 DPL=0 CS32 [-R-]
SS =0010 00000000 ffffffff 00cf9300 DPL=0 DS   [-WA]
DS =0010 00000000 ffffffff 00cf9300 DPL=0 DS   [-WA]
FS =0010 00000000 ffffffff 00cf9300 DPL=0 DS   [-WA]
GS =0010 00000000 ffffffff 00cf9300 DPL=0 DS   [-WA]
LDT=0000 00000000 0000ffff 00008200 DPL=0 LDT
TR =0000 00000000 0000ffff 00008b00 DPL=0 TSS32-busy
GDT=     0001049c 00000017
IDT=     00010500 000007ff
CR0=00000011 CR2=00000000 CR3=00000000 CR4=00000000
DR0=0000000000000000 DR1=0000000000000000 DR2=0000000000000000 DR3=0000000000000000 
DR6=00000000ffff0ff0 DR7=0000000000000400
CCS=00000004 CCD=0007fea8 CCO=EFLAGS
EFER=0000000000000000
Servicing hardware INT=0x21
    45: v=21 e=0000 i=0 cpl=0 IP=0008:0000000000010058 pc=0000000000010058 SP=0010:000000000007fef4 env->regs[R_EAX]=00000000000007ff
EAX=000007ff EBX=00010d00 ECX=00000000 EDX=00000021
ESI=00000000 EDI=00000000 EBP=0007fefc ESP=0007fef4
EIP=00010058 EFL=00000206 [-----P-] CPL=0 II=0 A20=1 SMM=0 HLT=0
ES =0010 00000000 ffffffff 00cf9300 DPL=0 DS   [-WA]
CS =0008 00000000 ffffffff 00cf9a00 DPL=0 CS32 [-R-]
SS =0010 00000000 ffffffff 00cf9300 DPL=0 DS   [-WA]
DS =0010 00000000 ffffffff 00cf9300 DPL=0 DS   [-WA]
FS =0010 00000000 ffffffff 00cf9300 DPL=0 DS   [-WA]
GS =0010 00000000 ffffffff 00cf9300 DPL=0 DS   [-WA]
LDT=0000 00000000 0000ffff 00008200 DPL=0 LDT
TR =0000 00000000 0000ffff 00008b00 DPL=0 TSS32-busy
GDT=     0001049c 00000017
IDT=     00010500 000007ff
CR0=00000011 CR2=00000000 CR3=00000000 CR4=00000000
DR0=0000000000000000 DR1=0000000000000000 DR2=0000000000000000 DR3=0000000000000000 
DR6=00000000ffff0ff0 DR7=0000000000000400
CCS=00000004 CCD=0007fea8 CCO=EFLAGS
EFER=0000000000000000
Servicing hardware INT=0x21
    46: v=21 e=0000 i=0 cpl=0 IP=0008:0000000000010058 pc=0000000000010058 SP=0010:000000000007fef4 env->regs[R_EAX]=00000000000007ff
EAX=000007ff EBX=00010d00 ECX=00000000 EDX=00000021
ESI=00000000 EDI=00000000 EBP=0007fefc ESP=0007fef4
EIP=00010058 EFL=00000206 [-----P-] CPL=0 II=0 A20=1 SMM=0 HLT=0
ES =0010 00000000 ffffffff 00cf9300 DPL=0 DS   [-WA]
CS =0008 00000000 ffffffff 00cf9a00 DPL=0 CS32 [-R-]
SS =0010 00000000 ffffffff 00cf9300 DPL=0 DS   [-WA]
DS =0010 00000000 ffffffff 00cf9300 DPL=0 DS   [-WA]
FS =0010 00000000 ffffffff 00cf9300 DPL=0 DS   [-WA]
GS =0010 00000000 ffffffff 00cf9300 DPL=0 DS   [-WA]
LDT=0000 00000000 0000ffff 00008200 DPL=0 LDT
TR =0000 00000000 0000ffff 00008b00 DPL=0 TSS32-busy
GDT=     0001049c 00000017
IDT=     00010500 000007ff
CR0=00000011 CR2=00000000 CR3=00000000 CR4=00000000
DR0=0000000000000000 DR1=0000000000000000 DR2=0000000000000000 DR3=0000000000000000 
DR6=00000000ffff0ff0 DR7=0000000000000400
CCS=00000004 CCD=0007fea8 CCO=EFLAGS
EFER=0000000000000000
Servicing hardware INT=0x21
    47: v=21 e=0000 i=0 cpl=0 IP=0008:0000000000010058 pc=0000000000010058 SP=0010:000000000007fef4 env->regs[R_EAX]=00000000000007ff
EAX=000007ff EBX=00010d00 ECX=00000000 EDX=00000021
ESI=00000000 EDI=00000000 EBP=0007fefc ESP=0007fef4
EIP=00010058 EFL=00000206 [-----P-] CPL=0 II=0 A20=1 SMM=0 HLT=0
ES =0010 00000000 ffffffff 00cf9300 DPL=0 DS   [-WA]
CS =0008 00000000 ffffffff 00cf9a00 DPL=0 CS32 [-R-]
SS =0010 00000000 ffffffff 00cf9300 DPL=0 DS   [-WA]
DS =0010 00000000 ffffffff 00cf9300 DPL=0 DS   [-WA]
FS =0010 00000000 ffffffff 00cf9300 DPL=0 DS   [-WA]
GS =0010 00000000 ffffffff 00cf9300 DPL=0 DS   [-WA]
LDT=0000 00000000 0000ffff 00008200 DPL=0 LDT
TR =0000 00000000 0000ffff 00008b00 DPL=0 TSS32-busy
GDT=     0001049c 00000017
IDT=     00010500 000007ff
CR0=00000011 CR2=00000000 CR3=00000000 CR4=00000000
DR0=0000000000000000 DR1=0000000000000000 DR2=0000000000000000 DR3=0000000000000000 
DR6=00000000ffff0ff0 DR7=0000000000000400
CCS=00000004 CCD=0007fea8 CCO=EFLAGS
EFER=0000000000000000
Servicing hardware INT=0x21
    48: v=21 e=0000 i=0 cpl=0 IP=0008:0000000000010058 pc=0000000000010058 SP=0010:000000000007fef4 env->regs[R_EAX]=00000000000007ff
EAX=000007ff EBX=00010d00 ECX=00000000 EDX=00000021
ESI=00000000 EDI=00000000 EBP=0007fefc ESP=0007fef4
EIP=00010058 EFL=00000206 [-----P-] CPL=0 II=0 A20=1 SMM=0 HLT=0
ES =0010 00000000 ffffffff 00cf9300 DPL=0 DS   [-WA]
CS =0008 00000000 ffffffff 00cf9a00 DPL=0 CS32 [-R-]
SS =0010 00000000 ffffffff 00cf9300 DPL=0 DS   [-WA]
DS =0010 00000000 ffffffff 00cf9300 DPL=0 DS   [-WA]
FS =0010 00000000 ffffffff 00cf9300 DPL=0 DS   [-WA]
GS =0010 00000000 ffffffff 00cf9300 DPL=0 DS   [-WA]
LDT=0000 00000000 0000ffff 00008200 DPL=0 LDT
TR =0000 00000000 0000ffff 00008b00 DPL=0 TSS32-busy
GDT=     0001049c 00000017
IDT=     00010500 000007ff
CR0=00000011 CR2=00000000 CR3=00000000 CR4=00000000
DR0=0000000000000000 DR1=0000000000000000 DR2=0000000000000000 DR3=0000000000000000 
DR6=00000000ffff0ff0 DR7=0000000000000400
CCS=00000004 CCD=0007fea8 CCO=EFLAGS
EFER=0000000000000000
Servicing hardware INT=0x21
    49: v=21 e=0000 i=0 cpl=0 IP=0008:0000000000010058 pc=0000000000010058 SP=0010:000000000007fef4 env->regs[R_EAX]=00000000000007ff
EAX=000007ff EBX=00010d00 ECX=00000000 EDX=00000021
ESI=00000000 EDI=00000000 EBP=0007fefc ESP=0007fef4
EIP=00010058 EFL=00000206 [-----P-] CPL=0 II=0 A20=1 SMM=0 HLT=0
ES =0010 00000000 ffffffff 00cf9300 DPL=0 DS   [-WA]
CS =0008 00000000 ffffffff 00cf9a00 DPL=0 CS32 [-R-]
SS =0010 00000000 ffffffff 00cf9300 DPL=0 DS   [-WA]
DS =0010 00000000 ffffffff 00cf9300 DPL=0 DS   [-WA]
FS =0010 00000000 ffffffff 00cf9300 DPL=0 DS   [-WA]
GS =0010 00000000 ffffffff 00cf9300 DPL=0 DS   [-WA]
LDT=0000 00000000 0000ffff 00008200 DPL=0 LDT
TR =0000 00000000 0000ffff 00008b00 DPL=0 TSS32-busy
GDT=     0001049c 00000017
IDT=     00010500 000007ff
CR0=00000011 CR2=00000000 CR3=00000000 CR4=00000000
DR0=0000000000000000 DR1=0000000000000000 DR2=0000000000000000 DR3=0000000000000000 
DR6=00000000ffff0ff0 DR7=0000000000000400
CCS=00000004 CCD=0007fea8 CCO=EFLAGS
EFER=0000000000000000
Servicing hardware INT=0x21
    50: v=21 e=0000 i=0 cpl=0 IP=0008:0000000000010058 pc=0000000000010058 SP=0010:000000000007fef4 env->regs[R_EAX]=00000000000007ff
EAX=000007ff EBX=00010d00 ECX=00000000 EDX=00000021
ESI=00000000 EDI=00000000 EBP=0007fefc ESP=0007fef4
EIP=00010058 EFL=00000206 [-----P-] CPL=0 II=0 A20=1 SMM=0 HLT=0
ES =0010 00000000 ffffffff 00cf9300 DPL=0 DS   [-WA]
CS =0008 00000000 ffffffff 00cf9a00 DPL=0 CS32 [-R-]
SS =0010 00000000 ffffffff 00cf9300 DPL=0 DS   [-WA]
DS =0010 00000000 ffffffff 00cf9300 DPL=0 DS   [-WA]
FS =0010 00000000 ffffffff 00cf9300 DPL=0 DS   [-WA]
GS =0010 00000000 ffffffff 00cf9300 DPL=0 DS   [-WA]
LDT=0000 00000000 0000ffff 00008200 DPL=0 LDT
TR =0000 00000000 0000ffff 00008b00 DPL=0 TSS32-busy
GDT=     0001049c 00000017
IDT=     00010500 000007ff
CR0=00000011 CR2=00000000 CR3=00000000 CR4=00000000
DR0=0000000000000000 DR1=0000000000000000 DR2=0000000000000000 DR3=0000000000000000 
DR6=00000000ffff0ff0 DR7=0000000000000400
CCS=00000004 CCD=0007fea8 CCO=EFLAGS
EFER=0000000000000000
Servicing hardware INT=0x21
    51: v=21 e=0000 i=0 cpl=0 IP=0008:0000000000010058 pc=0000000000010058 SP=0010:000000000007fef4 env->regs[R_EAX]=00000000000007ff
EAX=000007ff EBX=00010d00 ECX=00000000 EDX=00000021
ESI=00000000 EDI=00000000 EBP=0007fefc ESP=0007fef4
EIP=00010058 EFL=00000206 [-----P-] CPL=0 II=0 A20=1 SMM=0 HLT=0
ES =0010 00000000 ffffffff 00cf9300 DPL=0 DS   [-WA]
CS =0008 00000000 ffffffff 00cf9a00 DPL=0 CS32 [-R-]
SS =0010 00000000 ffffffff 00cf9300 DPL=0 DS   [-WA]
DS =0010 00000000 ffffffff 00cf9300 DPL=0 DS   [-WA]
FS =0010 00000000 ffffffff 00cf9300 DPL=0 DS   [-WA]
GS =0010 00000000 ffffffff 00cf9300 DPL=0 DS   [-WA]
LDT=0000 00000000 0000ffff 00008200 DPL=0 LDT
TR =0000 00000000 0000ffff 00008b00 DPL=0 TSS32-busy
GDT=     0001049c 00000017
IDT=     00010500 000007ff
CR0=00000011 CR2=00000000 CR3=00000000 CR4=00000000
DR0=0000000000000000 DR1=0000000000000000 DR2=0000000000000000 DR3=0000000000000000 
DR6=00000000ffff0ff0 DR7=0000000000000400
CCS=00000004 CCD=0007fea8 CCO=EFLAGS
EFER=0000000000000000
Servicing hardware INT=0x21
    52: v=21 e=0000 i=0 cpl=0 IP=0008:0000000000010058 pc=0000000000010058 SP=0010:000000000007fef4 env->regs[R_EAX]=00000000000007ff
EAX=000007ff EBX=00010d00 ECX=00000000 EDX=00000021
ESI=00000000 EDI=00000000 EBP=0007fefc ESP=0007fef4
EIP=00010058 EFL=00000206 [-----P-] CPL=0 II=0 A20=1 SMM=0 HLT=0
ES =0010 00000000 ffffffff 00cf9300 DPL=0 DS   [-WA]
CS =0008 00000000 ffffffff 00cf9a00 DPL=0 CS32 [-R-]
SS =0010 00000000 ffffffff 00cf9300 DPL=0 DS   [-WA]
DS =0010 00000000 ffffffff 00cf9300 DPL=0 DS   [-WA]
FS =0010 00000000 ffffffff 00cf9300 DPL=0 DS   [-WA]
GS =0010 00000000 ffffffff 00cf9300 DPL=0 DS   [-WA]
LDT=0000 00000000 0000ffff 00008200 DPL=0 LDT
TR =0000 00000000 0000ffff 00008b00 DPL=0 TSS32-busy
GDT=     0001049c 00000017
IDT=     00010500 000007ff
CR0=00000011 CR2=00000000 CR3=00000000 CR4=00000000
DR0=0000000000000000 DR1=0000000000000000 DR2=0000000000000000 DR3=0000000000000000 
DR6=00000000ffff0ff0 DR7=0000000000000400
CCS=00000004 CCD=0007fea8 CCO=EFLAGS
EFER=0000000000000000
Servicing hardware INT=0x21
    53: v=21 e=0000 i=0 cpl=0 IP=0008:0000000000010058 pc=0000000000010058 SP=0010:000000000007fef4 env->regs[R_EAX]=00000000000007ff
EAX=000007ff EBX=00010d00 ECX=00000000 EDX=00000021
ESI=00000000 EDI=00000000 EBP=0007fefc ESP=0007fef4
EIP=00010058 EFL=00000206 [-----P-] CPL=0 II=0 A20=1 SMM=0 HLT=0
ES =0010 00000000 ffffffff 00cf9300 DPL=0 DS   [-WA]
CS =0008 00000000 ffffffff 00cf9a00 DPL=0 CS32 [-R-]
SS =0010 00000000 ffffffff 00cf9300 DPL=0 DS   [-WA]
DS =0010 00000000 ffffffff 00cf9300 DPL=0 DS   [-WA]
FS =0010 00000000 ffffffff 00cf9300 DPL=0 DS   [-WA]
GS =0010 00000000 ffffffff 00cf9300 DPL=0 DS   [-WA]
LDT=0000 00000000 0000ffff 00008200 DPL=0 LDT
TR =0000 00000000 0000ffff 00008b00 DPL=0 TSS32-busy
GDT=     0001049c 00000017
IDT=     00010500 000007ff
CR0=00000011 CR2=00000000 CR3=00000000 CR4=00000000
DR0=0000000000000000 DR1=0000000000000000 DR2=0000000000000000 DR3=0000000000000000 
DR6=00000000ffff0ff0 DR7=0000000000000400
CCS=00000004 CCD=0007fea8 CCO=EFLAGS
EFER=0000000000000000
Servicing hardware INT=0x21
    54: v=21 e=0000 i=0 cpl=0 IP=0008:0000000000010058 pc=0000000000010058 SP=0010:000000000007fef4 env->regs[R_EAX]=00000000000007ff
EAX=000007ff EBX=00010d00 ECX=00000000 EDX=00000021
ESI=00000000 EDI=00000000 EBP=0007fefc ESP=0007fef4
EIP=00010058 EFL=00000206 [-----P-] CPL=0 II=0 A20=1 SMM=0 HLT=0
ES =0010 00000000 ffffffff 00cf9300 DPL=0 DS   [-WA]
CS =0008 00000000 ffffffff 00cf9a00 DPL=0 CS32 [-R-]
SS =0010 00000000 ffffffff 00cf9300 DPL=0 DS   [-WA]
DS =0010 00000000 ffffffff 00cf9300 DPL=0 DS   [-WA]
FS =0010 00000000 ffffffff 00cf9300 DPL=0 DS   [-WA]
GS =0010 00000000 ffffffff 00cf9300 DPL=0 DS   [-WA]
LDT=0000 00000000 0000ffff 00008200 DPL=0 LDT
TR =0000 00000000 0000ffff 00008b00 DPL=0 TSS32-busy
GDT=     0001049c 00000017
IDT=     00010500 000007ff
CR0=00000011 CR2=00000000 CR3=00000000 CR4=00000000
DR0=0000000000000000 DR1=0000000000000000 DR2=0000000000000000 DR3=0000000000000000 
DR6=00000000ffff0ff0 DR7=0000000000000400
CCS=00000004 CCD=0007fea8 CCO=EFLAGS
EFER=0000000000000000
Servicing hardware INT=0x21
    55: v=21 e=0000 i=0 cpl=0 IP=0008:0000000000010058 pc=0000000000010058 SP=0010:000000000007fef4 env->regs[R_EAX]=00000000000007ff
EAX=000007ff EBX=00010d00 ECX=00000000 EDX=00000021
ESI=00000000 EDI=00000000 EBP=0007fefc ESP=0007fef4
EIP=00010058 EFL=00000206 [-----P-] CPL=0 II=0 A20=1 SMM=0 HLT=0
ES =0010 00000000 ffffffff 00cf9300 DPL=0 DS   [-WA]
CS =0008 00000000 ffffffff 00cf9a00 DPL=0 CS32 [-R-]
SS =0010 00000000 ffffffff 00cf9300 DPL=0 DS   [-WA]
DS =0010 00000000 ffffffff 00cf9300 DPL=0 DS   [-WA]
FS =0010 00000000 ffffffff 00cf9300 DPL=0 DS   [-WA]
GS =0010 00000000 ffffffff 00cf9300 DPL=0 DS   [-WA]
LDT=0000 00000000 0000ffff 00008200 DPL=0 LDT
TR =0000 00000000 0000ffff 00008b00 DPL=0 TSS32-busy
GDT=     0001049c 00000017
IDT=     00010500 000007ff
CR0=00000011 CR2=00000000 CR3=00000000 CR4=00000000
DR0=0000000000000000 DR1=0000000000000000 DR2=0000000000000000 DR3=0000000000000000 
DR6=00000000ffff0ff0 DR7=0000000000000400
CCS=00000004 CCD=0007fea8 CCO=EFLAGS
EFER=0000000000000000
Servicing hardware INT=0x21
    56: v=21 e=0000 i=0 cpl=0 IP=0008:0000000000010058 pc=0000000000010058 SP=0010:000000000007fef4 env->regs[R_EAX]=00000000000007ff
EAX=000007ff EBX=00010d00 ECX=00000000 EDX=00000021
ESI=00000000 EDI=00000000 EBP=0007fefc ESP=0007fef4
EIP=00010058 EFL=00000206 [-----P-] CPL=0 II=0 A20=1 SMM=0 HLT=0
ES =0010 00000000 ffffffff 00cf9300 DPL=0 DS   [-WA]
CS =0008 00000000 ffffffff 00cf9a00 DPL=0 CS32 [-R-]
SS =0010 00000000 ffffffff 00cf9300 DPL=0 DS   [-WA]
DS =0010 00000000 ffffffff 00cf9300 DPL=0 DS   [-WA]
FS =0010 00000000 ffffffff 00cf9300 DPL=0 DS   [-WA]
GS =0010 00000000 ffffffff 00cf9300 DPL=0 DS   [-WA]
LDT=0000 00000000 0000ffff 00008200 DPL=0 LDT
TR =0000 00000000 0000ffff 00008b00 DPL=0 TSS32-busy
GDT=     0001049c 00000017
IDT=     00010500 000007ff
CR0=00000011 CR2=00000000 CR3=00000000 CR4=00000000
DR0=0000000000000000 DR1=0000000000000000 DR2=0000000000000000 DR3=0000000000000000 
DR6=00000000ffff0ff0 DR7=0000000000000400
CCS=00000004 CCD=0007fea8 CCO=EFLAGS
EFER=0000000000000000
Servicing hardware INT=0x21
    57: v=21 e=0000 i=0 cpl=0 IP=0008:0000000000010058 pc=0000000000010058 SP=0010:000000000007fef4 env->regs[R_EAX]=00000000000007ff
EAX=000007ff EBX=00010d00 ECX=00000000 EDX=00000021
ESI=00000000 EDI=00000000 EBP=0007fefc ESP=0007fef4
EIP=00010058 EFL=00000206 [-----P-] CPL=0 II=0 A20=1 SMM=0 HLT=0
ES =0010 00000000 ffffffff 00cf9300 DPL=0 DS   [-WA]
CS =0008 00000000 ffffffff 00cf9a00 DPL=0 CS32 [-R-]
SS =0010 00000000 ffffffff 00cf9300 DPL=0 DS   [-WA]
DS =0010 00000000 ffffffff 00cf9300 DPL=0 DS   [-WA]
FS =0010 00000000 ffffffff 00cf9300 DPL=0 DS   [-WA]
GS =0010 00000000 ffffffff 00cf9300 DPL=0 DS   [-WA]
LDT=0000 00000000 0000ffff 00008200 DPL=0 LDT
TR =0000 00000000 0000ffff 00008b00 DPL=0 TSS32-busy
GDT=     0001049c 00000017
IDT=     00010500 000007ff
CR0=00000011 CR2=00000000 CR3=00000000 CR4=00000000
DR0=0000000000000000 DR1=0000000000000000 DR2=0000000000000000 DR3=0000000000000000 
DR6=00000000ffff0ff0 DR7=0000000000000400
CCS=00000004 CCD=0007fea8 CCO=EFLAGS
EFER=0000000000000000
Servicing hardware INT=0x21
    58: v=21 e=0000 i=0 cpl=0 IP=0008:0000000000010058 pc=0000000000010058 SP=0010:000000000007fef4 env->regs[R_EAX]=00000000000007ff
EAX=000007ff EBX=00010d00 ECX=00000000 EDX=00000021
ESI=00000000 EDI=00000000 EBP=0007fefc ESP=0007fef4
EIP=00010058 EFL=00000206 [-----P-] CPL=0 II=0 A20=1 SMM=0 HLT=0
ES =0010 00000000 ffffffff 00cf9300 DPL=0 DS   [-WA]
CS =0008 00000000 ffffffff 00cf9a00 DPL=0 CS32 [-R-]
SS =0010 00000000 ffffffff 00cf9300 DPL=0 DS   [-WA]
DS =0010 00000000 ffffffff 00cf9300 DPL=0 DS   [-WA]
FS =0010 00000000 ffffffff 00cf9300 DPL=0 DS   [-WA]
GS =0010 00000000 ffffffff 00cf9300 DPL=0 DS   [-WA]
LDT=0000 00000000 0000ffff 00008200 DPL=0 LDT
TR =0000 00000000 0000ffff 00008b00 DPL=0 TSS32-busy
GDT=     0001049c 00000017
IDT=     00010500 000007ff
CR0=00000011 CR2=00000000 CR3=00000000 CR4=00000000
DR0=0000000000000000 DR1=0000000000000000 DR2=0000000000000000 DR3=0000000000000000 
DR6=00000000ffff0ff0 DR7=0000000000000400
CCS=00000004 CCD=0007fea8 CCO=EFLAGS
EFER=0000000000000000
Servicing hardware INT=0x21
    59: v=21 e=0000 i=0 cpl=0 IP=0008:0000000000010058 pc=0000000000010058 SP=0010:000000000007fef4 env->regs[R_EAX]=00000000000007ff
EAX=000007ff EBX=00010d00 ECX=00000000 EDX=00000021
ESI=00000000 EDI=00000000 EBP=0007fefc ESP=0007fef4
EIP=00010058 EFL=00000206 [-----P-] CPL=0 II=0 A20=1 SMM=0 HLT=0
ES =0010 00000000 ffffffff 00cf9300 DPL=0 DS   [-WA]
CS =0008 00000000 ffffffff 00cf9a00 DPL=0 CS32 [-R-]
SS =0010 00000000 ffffffff 00cf9300 DPL=0 DS   [-WA]
DS =0010 00000000 ffffffff 00cf9300 DPL=0 DS   [-WA]
FS =0010 00000000 ffffffff 00cf9300 DPL=0 DS   [-WA]
GS =0010 00000000 ffffffff 00cf9300 DPL=0 DS   [-WA]
LDT=0000 00000000 0000ffff 00008200 DPL=0 LDT
TR =0000 00000000 0000ffff 00008b00 DPL=0 TSS32-busy
GDT=     0001049c 00000017
IDT=     00010500 000007ff
CR0=00000011 CR2=00000000 CR3=00000000 CR4=00000000
DR0=0000000000000000 DR1=0000000000000000 DR2=0000000000000000 DR3=0000000000000000 
DR6=00000000ffff0ff0 DR7=0000000000000400
CCS=00000004 CCD=0007fea8 CCO=EFLAGS
EFER=0000000000000000
Servicing hardware INT=0x21
    60: v=21 e=0000 i=0 cpl=0 IP=0008:0000000000010058 pc=0000000000010058 SP=0010:000000000007fef4 env->regs[R_EAX]=00000000000007ff
EAX=000007ff EBX=00010d00 ECX=00000000 EDX=00000021
ESI=00000000 EDI=00000000 EBP=0007fefc ESP=0007fef4
EIP=00010058 EFL=00000206 [-----P-] CPL=0 II=0 A20=1 SMM=0 HLT=0
ES =0010 00000000 ffffffff 00cf9300 DPL=0 DS   [-WA]
CS =0008 00000000 ffffffff 00cf9a00 DPL=0 CS32 [-R-]
SS =0010 00000000 ffffffff 00cf9300 DPL=0 DS   [-WA]
DS =0010 00000000 ffffffff 00cf9300 DPL=0 DS   [-WA]
FS =0010 00000000 ffffffff 00cf9300 DPL=0 DS   [-WA]
GS =0010 00000000 ffffffff 00cf9300 DPL=0 DS   [-WA]
LDT=0000 00000000 0000ffff 00008200 DPL=0 LDT
TR =0000 00000000 0000ffff 00008b00 DPL=0 TSS32-busy
GDT=     0001049c 00000017
IDT=     00010500 000007ff
CR0=00000011 CR2=00000000 CR3=00000000 CR4=00000000
DR0=0000000000000000 DR1=0000000000000000 DR2=0000000000000000 DR3=0000000000000000 
DR6=00000000ffff0ff0 DR7=0000000000000400
CCS=00000004 CCD=0007fea8 CCO=EFLAGS
EFER=0000000000000000
Servicing hardware INT=0x21
    61: v=21 e=0000 i=0 cpl=0 IP=0008:0000000000010058 pc=0000000000010058 SP=0010:000000000007fef4 env->regs[R_EAX]=00000000000007ff
EAX=000007ff EBX=00010d00 ECX=00000000 EDX=00000021
ESI=00000000 EDI=00000000 EBP=0007fefc ESP=0007fef4
EIP=00010058 EFL=00000206 [-----P-] CPL=0 II=0 A20=1 SMM=0 HLT=0
ES =0010 00000000 ffffffff 00cf9300 DPL=0 DS   [-WA]
CS =0008 00000000 ffffffff 00cf9a00 DPL=0 CS32 [-R-]
SS =0010 00000000 ffffffff 00cf9300 DPL=0 DS   [-WA]
DS =0010 00000000 ffffffff 00cf9300 DPL=0 DS   [-WA]
FS =0010 00000000 ffffffff 00cf9300 DPL=0 DS   [-WA]
GS =0010 00000000 ffffffff 00cf9300 DPL=0 DS   [-WA]
LDT=0000 00000000 0000ffff 00008200 DPL=0 LDT
TR =0000 00000000 0000ffff 00008b00 DPL=0 TSS32-busy
GDT=     0001049c 00000017
IDT=     00010500 000007ff
CR0=00000011 CR2=00000000 CR3=00000000 CR4=00000000
DR0=0000000000000000 DR1=0000000000000000 DR2=0000000000000000 DR3=0000000000000000 
DR6=00000000ffff0ff0 DR7=0000000000000400
CCS=00000004 CCD=0007fea8 CCO=EFLAGS
EFER=0000000000000000
Servicing hardware INT=0x21
    62: v=21 e=0000 i=0 cpl=0 IP=0008:0000000000010058 pc=0000000000010058 SP=0010:000000000007fef4 env->regs[R_EAX]=00000000000007ff
EAX=000007ff EBX=00010d00 ECX=00000000 EDX=00000021
ESI=00000000 EDI=00000000 EBP=0007fefc ESP=0007fef4
EIP=00010058 EFL=00000206 [-----P-] CPL=0 II=0 A20=1 SMM=0 HLT=0
ES =0010 00000000 ffffffff 00cf9300 DPL=0 DS   [-WA]
CS =0008 00000000 ffffffff 00cf9a00 DPL=0 CS32 [-R-]
SS =0010 00000000 ffffffff 00cf9300 DPL=0 DS   [-WA]
DS =0010 00000000 ffffffff 00cf9300 DPL=0 DS   [-WA]
FS =0010 00000000 ffffffff 00cf9300 DPL=0 DS   [-WA]
GS =0010 00000000 ffffffff 00cf9300 DPL=0 DS   [-WA]
LDT=0000 00000000 0000ffff 00008200 DPL=0 LDT
TR =0000 00000000 0000ffff 00008b00 DPL=0 TSS32-busy
GDT=     0001049c 00000017
IDT=     00010500 000007ff
CR0=00000011 CR2=00000000 CR3=00000000 CR4=00000000
DR0=0000000000000000 DR1=0000000000000000 DR2=0000000000000000 DR3=0000000000000000 
DR6=00000000ffff0ff0 DR7=0000000000000400
CCS=00000004 CCD=0007fea8 CCO=EFLAGS
EFER=0000000000000000
Servicing hardware INT=0x21
    63: v=21 e=0000 i=0 cpl=0 IP=0008:0000000000010058 pc=0000000000010058 SP=0010:000000000007fef4 env->regs[R_EAX]=00000000000007ff
EAX=000007ff EBX=00010d00 ECX=00000000 EDX=00000021
ESI=00000000 EDI=00000000 EBP=0007fefc ESP=0007fef4
EIP=00010058 EFL=00000206 [-----P-] CPL=0 II=0 A20=1 SMM=0 HLT=0
ES =0010 00000000 ffffffff 00cf9300 DPL=0 DS   [-WA]
CS =0008 00000000 ffffffff 00cf9a00 DPL=0 CS32 [-R-]
SS =0010 00000000 ffffffff 00cf9300 DPL=0 DS   [-WA]
DS =0010 00000000 ffffffff 00cf9300 DPL=0 DS   [-WA]
FS =0010 00000000 ffffffff 00cf9300 DPL=0 DS   [-WA]
GS =0010 00000000 ffffffff 00cf9300 DPL=0 DS   [-WA]
LDT=0000 00000000 0000ffff 00008200 DPL=0 LDT
TR =0000 00000000 0000ffff 00008b00 DPL=0 TSS32-busy
GDT=     0001049c 00000017
IDT=     00010500 000007ff
CR0=00000011 CR2=00000000 CR3=00000000 CR4=00000000
DR0=0000000000000000 DR1=0000000000000000 DR2=0000000000000000 DR3=0000000000000000 
DR6=00000000ffff0ff0 DR7=0000000000000400
CCS=00000004 CCD=0007fea8 CCO=EFLAGS
EFER=0000000000000000
Servicing hardware INT=0x21
    64: v=21 e=0000 i=0 cpl=0 IP=0008:0000000000010058 pc=0000000000010058 SP=0010:000000000007fef4 env->regs[R_EAX]=00000000000007ff
EAX=000007ff EBX=00010d00 ECX=00000000 EDX=00000021
ESI=00000000 EDI=00000000 EBP=0007fefc ESP=0007fef4
EIP=00010058 EFL=00000206 [-----P-] CPL=0 II=0 A20=1 SMM=0 HLT=0
ES =0010 00000000 ffffffff 00cf9300 DPL=0 DS   [-WA]
CS =0008 00000000 ffffffff 00cf9a00 DPL=0 CS32 [-R-]
SS =0010 00000000 ffffffff 00cf9300 DPL=0 DS   [-WA]
DS =0010 00000000 ffffffff 00cf9300 DPL=0 DS   [-WA]
FS =0010 00000000 ffffffff 00cf9300 DPL=0 DS   [-WA]
GS =0010 00000000 ffffffff 00cf9300 DPL=0 DS   [-WA]
LDT=0000 00000000 0000ffff 00008200 DPL=0 LDT
TR =0000 00000000 0000ffff 00008b00 DPL=0 TSS32-busy
GDT=     0001049c 00000017
IDT=     00010500 000007ff
CR0=00000011 CR2=00000000 CR3=00000000 CR4=00000000
DR0=0000000000000000 DR1=0000000000000000 DR2=0000000000000000 DR3=0000000000000000 
DR6=00000000ffff0ff0 DR7=0000000000000400
CCS=00000004 CCD=0007fea8 CCO=EFLAGS
EFER=0000000000000000
Servicing hardware INT=0x21
    65: v=21 e=0000 i=0 cpl=0 IP=0008:0000000000010058 pc=0000000000010058 SP=0010:000000000007fef4 env->regs[R_EAX]=00000000000007ff
EAX=000007ff EBX=00010d00 ECX=00000000 EDX=00000021
ESI=00000000 EDI=00000000 EBP=0007fefc ESP=0007fef4
EIP=00010058 EFL=00000206 [-----P-] CPL=0 II=0 A20=1 SMM=0 HLT=0
ES =0010 00000000 ffffffff 00cf9300 DPL=0 DS   [-WA]
CS =0008 00000000 ffffffff 00cf9a00 DPL=0 CS32 [-R-]
SS =0010 00000000 ffffffff 00cf9300 DPL=0 DS   [-WA]
DS =0010 00000000 ffffffff 00cf9300 DPL=0 DS   [-WA]
FS =0010 00000000 ffffffff 00cf9300 DPL=0 DS   [-WA]
GS =0010 00000000 ffffffff 00cf9300 DPL=0 DS   [-WA]
LDT=0000 00000000 0000ffff 00008200 DPL=0 LDT
TR =0000 00000000 0000ffff 00008b00 DPL=0 TSS32-busy
GDT=     0001049c 00000017
IDT=     00010500 000007ff
CR0=00000011 CR2=00000000 CR3=00000000 CR4=00000000
DR0=0000000000000000 DR1=0000000000000000 DR2=0000000000000000 DR3=0000000000000000 
DR6=00000000ffff0ff0 DR7=0000000000000400
CCS=00000004 CCD=0007fea8 CCO=EFLAGS
EFER=0000000000000000
Servicing hardware INT=0x21
    66: v=21 e=0000 i=0 cpl=0 IP=0008:0000000000010058 pc=0000000000010058 SP=0010:000000000007fef4 env->regs[R_EAX]=00000000000007ff
EAX=000007ff EBX=00010d00 ECX=00000000 EDX=00000021
ESI=00000000 EDI=00000000 EBP=0007fefc ESP=0007fef4
EIP=00010058 EFL=00000206 [-----P-] CPL=0 II=0 A20=1 SMM=0 HLT=0
ES =0010 00000000 ffffffff 00cf9300 DPL=0 DS   [-WA]
CS =0008 00000000 ffffffff 00cf9a00 DPL=0 CS32 [-R-]
SS =0010 00000000 ffffffff 00cf9300 DPL=0 DS   [-WA]
DS =0010 00000000 ffffffff 00cf9300 DPL=0 DS   [-WA]
FS =0010 00000000 ffffffff 00cf9300 DPL=0 DS   [-WA]
GS =0010 00000000 ffffffff 00cf9300 DPL=0 DS   [-WA]
LDT=0000 00000000 0000ffff 00008200 DPL=0 LDT
TR =0000 00000000 0000ffff 00008b00 DPL=0 TSS32-busy
GDT=     0001049c 00000017
IDT=     00010500 000007ff
CR0=00000011 CR2=00000000 CR3=00000000 CR4=00000000
DR0=0000000000000000 DR1=0000000000000000 DR2=0000000000000000 DR3=0000000000000000 
DR6=00000000ffff0ff0 DR7=0000000000000400
CCS=00000004 CCD=0007fea8 CCO=EFLAGS
EFER=0000000000000000
Servicing hardware INT=0x21
    67: v=21 e=0000 i=0 cpl=0 IP=0008:0000000000010058 pc=0000000000010058 SP=0010:000000000007fef4 env->regs[R_EAX]=00000000000007ff
EAX=000007ff EBX=00010d00 ECX=00000000 EDX=00000021
ESI=00000000 EDI=00000000 EBP=0007fefc ESP=0007fef4
EIP=00010058 EFL=00000206 [-----P-] CPL=0 II=0 A20=1 SMM=0 HLT=0
ES =0010 00000000 ffffffff 00cf9300 DPL=0 DS   [-WA]
CS =0008 00000000 ffffffff 00cf9a00 DPL=0 CS32 [-R-]
SS =0010 00000000 ffffffff 00cf9300 DPL=0 DS   [-WA]
DS =0010 00000000 ffffffff 00cf9300 DPL=0 DS   [-WA]
FS =0010 00000000 ffffffff 00cf9300 DPL=0 DS   [-WA]
GS =0010 00000000 ffffffff 00cf9300 DPL=0 DS   [-WA]
LDT=0000 00000000 0000ffff 00008200 DPL=0 LDT
TR =0000 00000000 0000ffff 00008b00 DPL=0 TSS32-busy
GDT=     0001049c 00000017
IDT=     00010500 000007ff
CR0=00000011 CR2=00000000 CR3=00000000 CR4=00000000
DR0=0000000000000000 DR1=0000000000000000 DR2=0000000000000000 DR3=0000000000000000 
DR6=00000000ffff0ff0 DR7=0000000000000400
CCS=00000004 CCD=0007fea8 CCO=EFLAGS
EFER=0000000000000000
Servicing hardware INT=0x21
    68: v=21 e=0000 i=0 cpl=0 IP=0008:0000000000010058 pc=0000000000010058 SP=0010:000000000007fef4 env->regs[R_EAX]=00000000000007ff
EAX=000007ff EBX=00010d00 ECX=00000000 EDX=00000021
ESI=00000000 EDI=00000000 EBP=0007fefc ESP=0007fef4
EIP=00010058 EFL=00000206 [-----P-] CPL=0 II=0 A20=1 SMM=0 HLT=0
ES =0010 00000000 ffffffff 00cf9300 DPL=0 DS   [-WA]
CS =0008 00000000 ffffffff 00cf9a00 DPL=0 CS32 [-R-]
SS =0010 00000000 ffffffff 00cf9300 DPL=0 DS   [-WA]
DS =0010 00000000 ffffffff 00cf9300 DPL=0 DS   [-WA]
FS =0010 00000000 ffffffff 00cf9300 DPL=0 DS   [-WA]
GS =0010 00000000 ffffffff 00cf9300 DPL=0 DS   [-WA]
LDT=0000 00000000 0000ffff 00008200 DPL=0 LDT
TR =0000 00000000 0000ffff 00008b00 DPL=0 TSS32-busy
GDT=     0001049c 00000017
IDT=     00010500 000007ff
CR0=00000011 CR2=00000000 CR3=00000000 CR4=00000000
DR0=0000000000000000 DR1=0000000000000000 DR2=0000000000000000 DR3=0000000000000000 
DR6=00000000ffff0ff0 DR7=0000000000000400
CCS=00000004 CCD=0007fea8 CCO=EFLAGS
EFER=0000000000000000
Servicing hardware INT=0x21
    69: v=21 e=0000 i=0 cpl=0 IP=0008:0000000000010058 pc=0000000000010058 SP=0010:000000000007fef4 env->regs[R_EAX]=00000000000007ff
EAX=000007ff EBX=00010d00 ECX=00000000 EDX=00000021
ESI=00000000 EDI=00000000 EBP=0007fefc ESP=0007fef4
EIP=00010058 EFL=00000206 [-----P-] CPL=0 II=0 A20=1 SMM=0 HLT=0
ES =0010 00000000 ffffffff 00cf9300 DPL=0 DS   [-WA]
CS =0008 00000000 ffffffff 00cf9a00 DPL=0 CS32 [-R-]
SS =0010 00000000 ffffffff 00cf9300 DPL=0 DS   [-WA]
DS =0010 00000000 ffffffff 00cf9300 DPL=0 DS   [-WA]
FS =0010 00000000 ffffffff 00cf9300 DPL=0 DS   [-WA]
GS =0010 00000000 ffffffff 00cf9300 DPL=0 DS   [-WA]
LDT=0000 00000000 0000ffff 00008200 DPL=0 LDT
TR =0000 00000000 0000ffff 00008b00 DPL=0 TSS32-busy
GDT=     0001049c 00000017
IDT=     00010500 000007ff
CR0=00000011 CR2=00000000 CR3=00000000 CR4=00000000
DR0=0000000000000000 DR1=0000000000000000 DR2=0000000000000000 DR3=0000000000000000 
DR6=00000000ffff0ff0 DR7=0000000000000400
CCS=00000004 CCD=0007fea8 CCO=EFLAGS
EFER=0000000000000000
Servicing hardware INT=0x21
    70: v=21 e=0000 i=0 cpl=0 IP=0008:0000000000010058 pc=0000000000010058 SP=0010:000000000007fef4 env->regs[R_EAX]=00000000000007ff
EAX=000007ff EBX=00010d00 ECX=00000000 EDX=00000021
ESI=00000000 EDI=00000000 EBP=0007fefc ESP=0007fef4
EIP=00010058 EFL=00000206 [-----P-] CPL=0 II=0 A20=1 SMM=0 HLT=0
ES =0010 00000000 ffffffff 00cf9300 DPL=0 DS   [-WA]
CS =0008 00000000 ffffffff 00cf9a00 DPL=0 CS32 [-R-]
SS =0010 00000000 ffffffff 00cf9300 DPL=0 DS   [-WA]
DS =0010 00000000 ffffffff 00cf9300 DPL=0 DS   [-WA]
FS =0010 00000000 ffffffff 00cf9300 DPL=0 DS   [-WA]
GS =0010 00000000 ffffffff 00cf9300 DPL=0 DS   [-WA]
LDT=0000 00000000 0000ffff 00008200 DPL=0 LDT
TR =0000 00000000 0000ffff 00008b00 DPL=0 TSS32-busy
GDT=     0001049c 00000017
IDT=     00010500 000007ff
CR0=00000011 CR2=00000000 CR3=00000000 CR4=00000000
DR0=0000000000000000 DR1=0000000000000000 DR2=0000000000000000 DR3=0000000000000000 
DR6=00000000ffff0ff0 DR7=0000000000000400
CCS=00000004 CCD=0007fea8 CCO=EFLAGS
EFER=0000000000000000
Servicing hardware INT=0x21
    71: v=21 e=0000 i=0 cpl=0 IP=0008:0000000000010058 pc=0000000000010058 SP=0010:000000000007fef4 env->regs[R_EAX]=00000000000007ff
EAX=000007ff EBX=00010d00 ECX=00000000 EDX=00000021
ESI=00000000 EDI=00000000 EBP=0007fefc ESP=0007fef4
EIP=00010058 EFL=00000206 [-----P-] CPL=0 II=0 A20=1 SMM=0 HLT=0
ES =0010 00000000 ffffffff 00cf9300 DPL=0 DS   [-WA]
CS =0008 00000000 ffffffff 00cf9a00 DPL=0 CS32 [-R-]
SS =0010 00000000 ffffffff 00cf9300 DPL=0 DS   [-WA]
DS =0010 00000000 ffffffff 00cf9300 DPL=0 DS   [-WA]
FS =0010 00000000 ffffffff 00cf9300 DPL=0 DS   [-WA]
GS =0010 00000000 ffffffff 00cf9300 DPL=0 DS   [-WA]
LDT=0000 00000000 0000ffff 00008200 DPL=0 LDT
TR =0000 00000000 0000ffff 00008b00 DPL=0 TSS32-busy
GDT=     0001049c 00000017
IDT=     00010500 000007ff
CR0=00000011 CR2=00000000 CR3=00000000 CR4=00000000
DR0=0000000000000000 DR1=0000000000000000 DR2=0000000000000000 DR3=0000000000000000 
DR6=00000000ffff0ff0 DR7=0000000000000400
CCS=00000004 CCD=0007fea8 CCO=EFLAGS
EFER=0000000000000000
Servicing hardware INT=0x21
    72: v=21 e=0000 i=0 cpl=0 IP=0008:0000000000010058 pc=0000000000010058 SP=0010:000000000007fef4 env->regs[R_EAX]=00000000000007ff
EAX=000007ff EBX=00010d00 ECX=00000000 EDX=00000021
ESI=00000000 EDI=00000000 EBP=0007fefc ESP=0007fef4
EIP=00010058 EFL=00000206 [-----P-] CPL=0 II=0 A20=1 SMM=0 HLT=0
ES =0010 00000000 ffffffff 00cf9300 DPL=0 DS   [-WA]
CS =0008 00000000 ffffffff 00cf9a00 DPL=0 CS32 [-R-]
SS =0010 00000000 ffffffff 00cf9300 DPL=0 DS   [-WA]
DS =0010 00000000 ffffffff 00cf9300 DPL=0 DS   [-WA]
FS =0010 00000000 ffffffff 00cf9300 DPL=0 DS   [-WA]
GS =0010 00000000 ffffffff 00cf9300 DPL=0 DS   [-WA]
LDT=0000 00000000 0000ffff 00008200 DPL=0 LDT
TR =0000 00000000 0000ffff 00008b00 DPL=0 TSS32-busy
GDT=     0001049c 00000017
IDT=     00010500 000007ff
CR0=00000011 CR2=00000000 CR3=00000000 CR4=00000000
DR0=0000000000000000 DR1=0000000000000000 DR2=0000000000000000 DR3=0000000000000000 
DR6=00000000ffff0ff0 DR7=0000000000000400
CCS=00000004 CCD=0007fea8 CCO=EFLAGS
EFER=0000000000000000
Servicing hardware INT=0x21
    73: v=21 e=0000 i=0 cpl=0 IP=0008:0000000000010058 pc=0000000000010058 SP=0010:000000000007fef4 env->regs[R_EAX]=00000000000007ff
EAX=000007ff EBX=00010d00 ECX=00000000 EDX=00000021
ESI=00000000 EDI=00000000 EBP=0007fefc ESP=0007fef4
EIP=00010058 EFL=00000206 [-----P-] CPL=0 II=0 A20=1 SMM=0 HLT=0
ES =0010 00000000 ffffffff 00cf9300 DPL=0 DS   [-WA]
CS =0008 00000000 ffffffff 00cf9a00 DPL=0 CS32 [-R-]
SS =0010 00000000 ffffffff 00cf9300 DPL=0 DS   [-WA]
DS =0010 00000000 ffffffff 00cf9300 DPL=0 DS   [-WA]
FS =0010 00000000 ffffffff 00cf9300 DPL=0 DS   [-WA]
GS =0010 00000000 ffffffff 00cf9300 DPL=0 DS   [-WA]
LDT=0000 00000000 0000ffff 00008200 DPL=0 LDT
TR =0000 00000000 0000ffff 00008b00 DPL=0 TSS32-busy
GDT=     0001049c 00000017
IDT=     00010500 000007ff
CR0=00000011 CR2=00000000 CR3=00000000 CR4=00000000
DR0=0000000000000000 DR1=0000000000000000 DR2=0000000000000000 DR3=0000000000000000 
DR6=00000000ffff0ff0 DR7=0000000000000400
CCS=00000004 CCD=0007fea8 CCO=EFLAGS
EFER=0000000000000000
Servicing hardware INT=0x21
    74: v=21 e=0000 i=0 cpl=0 IP=0008:0000000000010058 pc=0000000000010058 SP=0010:000000000007fef4 env->regs[R_EAX]=00000000000007ff
EAX=000007ff EBX=00010d00 ECX=00000000 EDX=00000021
ESI=00000000 EDI=00000000 EBP=0007fefc ESP=0007fef4
EIP=00010058 EFL=00000206 [-----P-] CPL=0 II=0 A20=1 SMM=0 HLT=0
ES =0010 00000000 ffffffff 00cf9300 DPL=0 DS   [-WA]
CS =0008 00000000 ffffffff 00cf9a00 DPL=0 CS32 [-R-]
SS =0010 00000000 ffffffff 00cf9300 DPL=0 DS   [-WA]
DS =0010 00000000 ffffffff 00cf9300 DPL=0 DS   [-WA]
FS =0010 00000000 ffffffff 00cf9300 DPL=0 DS   [-WA]
GS =0010 00000000 ffffffff 00cf9300 DPL=0 DS   [-WA]
LDT=0000 00000000 0000ffff 00008200 DPL=0 LDT
TR =0000 00000000 0000ffff 00008b00 DPL=0 TSS32-busy
GDT=     0001049c 00000017
IDT=     00010500 000007ff
CR0=00000011 CR2=00000000 CR3=00000000 CR4=00000000
DR0=0000000000000000 DR1=0000000000000000 DR2=0000000000000000 DR3=0000000000000000 
DR6=00000000ffff0ff0 DR7=0000000000000400
CCS=00000004 CCD=0007fea8 CCO=EFLAGS
EFER=0000000000000000
Servicing hardware INT=0x21
    75: v=21 e=0000 i=0 cpl=0 IP=0008:0000000000010058 pc=0000000000010058 SP=0010:000000000007fef4 env->regs[R_EAX]=00000000000007ff
EAX=000007ff EBX=00010d00 ECX=00000000 EDX=00000021
ESI=00000000 EDI=00000000 EBP=0007fefc ESP=0007fef4
EIP=00010058 EFL=00000206 [-----P-] CPL=0 II=0 A20=1 SMM=0 HLT=0
ES =0010 00000000 ffffffff 00cf9300 DPL=0 DS   [-WA]
CS =0008 00000000 ffffffff 00cf9a00 DPL=0 CS32 [-R-]
SS =0010 00000000 ffffffff 00cf9300 DPL=0 DS   [-WA]
DS =0010 00000000 ffffffff 00cf9300 DPL=0 DS   [-WA]
FS =0010 00000000 ffffffff 00cf9300 DPL=0 DS   [-WA]
GS =0010 00000000 ffffffff 00cf9300 DPL=0 DS   [-WA]
LDT=0000 00000000 0000ffff 00008200 DPL=0 LDT
TR =0000 00000000 0000ffff 00008b00 DPL=0 TSS32-busy
GDT=     0001049c 00000017
IDT=     00010500 000007ff
CR0=00000011 CR2=00000000 CR3=00000000 CR4=00000000
DR0=0000000000000000 DR1=0000000000000000 DR2=0000000000000000 DR3=0000000000000000 
DR6=00000000ffff0ff0 DR7=0000000000000400
CCS=00000004 CCD=0007fea8 CCO=EFLAGS
EFER=0000000000000000
Servicing hardware INT=0x21
    76: v=21 e=0000 i=0 cpl=0 IP=0008:0000000000010058 pc=0000000000010058 SP=0010:000000000007fef4 env->regs[R_EAX]=00000000000007ff
EAX=000007ff EBX=00010d00 ECX=00000000 EDX=00000021
ESI=00000000 EDI=00000000 EBP=0007fefc ESP=0007fef4
EIP=00010058 EFL=00000206 [-----P-] CPL=0 II=0 A20=1 SMM=0 HLT=0
ES =0010 00000000 ffffffff 00cf9300 DPL=0 DS   [-WA]
CS =0008 00000000 ffffffff 00cf9a00 DPL=0 CS32 [-R-]
SS =0010 00000000 ffffffff 00cf9300 DPL=0 DS   [-WA]
DS =0010 00000000 ffffffff 00cf9300 DPL=0 DS   [-WA]
FS =0010 00000000 ffffffff 00cf9300 DPL=0 DS   [-WA]
GS =0010 00000000 ffffffff 00cf9300 DPL=0 DS   [-WA]
LDT=0000 00000000 0000ffff 00008200 DPL=0 LDT
TR =0000 00000000 0000ffff 00008b00 DPL=0 TSS32-busy
GDT=     0001049c 00000017
IDT=     00010500 000007ff
CR0=00000011 CR2=00000000 CR3=00000000 CR4=00000000
DR0=0000000000000000 DR1=0000000000000000 DR2=0000000000000000 DR3=0000000000000000 
DR6=00000000ffff0ff0 DR7=0000000000000400
CCS=00000004 CCD=0007fea8 CCO=EFLAGS
EFER=0000000000000000
Servicing hardware INT=0x21
    77: v=21 e=0000 i=0 cpl=0 IP=0008:0000000000010058 pc=0000000000010058 SP=0010:000000000007fef4 env->regs[R_EAX]=00000000000007ff
EAX=000007ff EBX=00010d00 ECX=00000000 EDX=00000021
ESI=00000000 EDI=00000000 EBP=0007fefc ESP=0007fef4
EIP=00010058 EFL=00000206 [-----P-] CPL=0 II=0 A20=1 SMM=0 HLT=0
ES =0010 00000000 ffffffff 00cf9300 DPL=0 DS   [-WA]
CS =0008 00000000 ffffffff 00cf9a00 DPL=0 CS32 [-R-]
SS =0010 00000000 ffffffff 00cf9300 DPL=0 DS   [-WA]
DS =0010 00000000 ffffffff 00cf9300 DPL=0 DS   [-WA]
FS =0010 00000000 ffffffff 00cf9300 DPL=0 DS   [-WA]
GS =0010 00000000 ffffffff 00cf9300 DPL=0 DS   [-WA]
LDT=0000 00000000 0000ffff 00008200 DPL=0 LDT
TR =0000 00000000 0000ffff 00008b00 DPL=0 TSS32-busy
GDT=     0001049c 00000017
IDT=     00010500 000007ff
CR0=00000011 CR2=00000000 CR3=00000000 CR4=00000000
DR0=0000000000000000 DR1=0000000000000000 DR2=0000000000000000 DR3=0000000000000000 
DR6=00000000ffff0ff0 DR7=0000000000000400
CCS=00000004 CCD=0007fea8 CCO=EFLAGS
EFER=0000000000000000
Servicing hardware INT=0x21
    78: v=21 e=0000 i=0 cpl=0 IP=0008:0000000000010058 pc=0000000000010058 SP=0010:000000000007fef4 env->regs[R_EAX]=00000000000007ff
EAX=000007ff EBX=00010d00 ECX=00000000 EDX=00000021
ESI=00000000 EDI=00000000 EBP=0007fefc ESP=0007fef4
EIP=00010058 EFL=00000206 [-----P-] CPL=0 II=0 A20=1 SMM=0 HLT=0
ES =0010 00000000 ffffffff 00cf9300 DPL=0 DS   [-WA]
CS =0008 00000000 ffffffff 00cf9a00 DPL=0 CS32 [-R-]
SS =0010 00000000 ffffffff 00cf9300 DPL=0 DS   [-WA]
DS =0010 00000000 ffffffff 00cf9300 DPL=0 DS   [-WA]
FS =0010 00000000 ffffffff 00cf9300 DPL=0 DS   [-WA]
GS =0010 00000000 ffffffff 00cf9300 DPL=0 DS   [-WA]
LDT=0000 00000000 0000ffff 00008200 DPL=0 LDT
TR =0000 00000000 0000ffff 00008b00 DPL=0 TSS32-busy
GDT=     0001049c 00000017
IDT=     00010500 000007ff
CR0=00000011 CR2=00000000 CR3=00000000 CR4=00000000
DR0=0000000000000000 DR1=0000000000000000 DR2=0000000000000000 DR3=0000000000000000 
DR6=00000000ffff0ff0 DR7=0000000000000400
CCS=00000004 CCD=0007fea8 CCO=EFLAGS
EFER=0000000000000000
Servicing hardware INT=0x21
    79: v=21 e=0000 i=0 cpl=0 IP=0008:0000000000010058 pc=0000000000010058 SP=0010:000000000007fef4 env->regs[R_EAX]=00000000000007ff
EAX=000007ff EBX=00010d00 ECX=00000000 EDX=00000021
ESI=00000000 EDI=00000000 EBP=0007fefc ESP=0007fef4
EIP=00010058 EFL=00000206 [-----P-] CPL=0 II=0 A20=1 SMM=0 HLT=0
ES =0010 00000000 ffffffff 00cf9300 DPL=0 DS   [-WA]
CS =0008 00000000 ffffffff 00cf9a00 DPL=0 CS32 [-R-]
SS =0010 00000000 ffffffff 00cf9300 DPL=0 DS   [-WA]
DS =0010 00000000 ffffffff 00cf9300 DPL=0 DS   [-WA]
FS =0010 00000000 ffffffff 00cf9300 DPL=0 DS   [-WA]
GS =0010 00000000 ffffffff 00cf9300 DPL=0 DS   [-WA]
LDT=0000 00000000 0000ffff 00008200 DPL=0 LDT
TR =0000 00000000 0000ffff 00008b00 DPL=0 TSS32-busy
GDT=     0001049c 00000017
IDT=     00010500 000007ff
CR0=00000011 CR2=00000000 CR3=00000000 CR4=00000000
DR0=0000000000000000 DR1=0000000000000000 DR2=0000000000000000 DR3=0000000000000000 
DR6=00000000ffff0ff0 DR7=0000000000000400
CCS=00000004 CCD=0007fea8 CCO=EFLAGS
EFER=0000000000000000
Servicing hardware INT=0x21
    80: v=21 e=0000 i=0 cpl=0 IP=0008:0000000000010058 pc=0000000000010058 SP=0010:000000000007fef4 env->regs[R_EAX]=00000000000007ff
EAX=000007ff EBX=00010d00 ECX=00000000 EDX=00000021
ESI=00000000 EDI=00000000 EBP=0007fefc ESP=0007fef4
EIP=00010058 EFL=00000206 [-----P-] CPL=0 II=0 A20=1 SMM=0 HLT=0
ES =0010 00000000 ffffffff 00cf9300 DPL=0 DS   [-WA]
CS =0008 00000000 ffffffff 00cf9a00 DPL=0 CS32 [-R-]
SS =0010 00000000 ffffffff 00cf9300 DPL=0 DS   [-WA]
DS =0010 00000000 ffffffff 00cf9300 DPL=0 DS   [-WA]
FS =0010 00000000 ffffffff 00cf9300 DPL=0 DS   [-WA]
GS =0010 00000000 ffffffff 00cf9300 DPL=0 DS   [-WA]
LDT=0000 00000000 0000ffff 00008200 DPL=0 LDT
TR =0000 00000000 0000ffff 00008b00 DPL=0 TSS32-busy
GDT=     0001049c 00000017
IDT=     00010500 000007ff
CR0=00000011 CR2=00000000 CR3=00000000 CR4=00000000
DR0=0000000000000000 DR1=0000000000000000 DR2=0000000000000000 DR3=0000000000000000 
DR6=00000000ffff0ff0 DR7=0000000000000400
CCS=00000004 CCD=0007fea8 CCO=EFLAGS
EFER=0000000000000000
Servicing hardware INT=0x21
    81: v=21 e=0000 i=0 cpl=0 IP=0008:0000000000010058 pc=0000000000010058 SP=0010:000000000007fef4 env->regs[R_EAX]=00000000000007ff
EAX=000007ff EBX=00010d00 ECX=00000000 EDX=00000021
ESI=00000000 EDI=00000000 EBP=0007fefc ESP=0007fef4
EIP=00010058 EFL=00000206 [-----P-] CPL=0 II=0 A20=1 SMM=0 HLT=0
ES =0010 00000000 ffffffff 00cf9300 DPL=0 DS   [-WA]
CS =0008 00000000 ffffffff 00cf9a00 DPL=0 CS32 [-R-]
SS =0010 00000000 ffffffff 00cf9300 DPL=0 DS   [-WA]
DS =0010 00000000 ffffffff 00cf9300 DPL=0 DS   [-WA]
FS =0010 00000000 ffffffff 00cf9300 DPL=0 DS   [-WA]
GS =0010 00000000 ffffffff 00cf9300 DPL=0 DS   [-WA]
LDT=0000 00000000 0000ffff 00008200 DPL=0 LDT
TR =0000 00000000 0000ffff 00008b00 DPL=0 TSS32-busy
GDT=     0001049c 00000017
IDT=     00010500 000007ff
CR0=00000011 CR2=00000000 CR3=00000000 CR4=00000000
DR0=0000000000000000 DR1=0000000000000000 DR2=0000000000000000 DR3=0000000000000000 
DR6=00000000ffff0ff0 DR7=0000000000000400
CCS=00000004 CCD=0007fea8 CCO=EFLAGS
EFER=0000000000000000
Servicing hardware INT=0x21
    82: v=21 e=0000 i=0 cpl=0 IP=0008:0000000000010058 pc=0000000000010058 SP=0010:000000000007fef4 env->regs[R_EAX]=00000000000007ff
EAX=000007ff EBX=00010d00 ECX=00000000 EDX=00000021
ESI=00000000 EDI=00000000 EBP=0007fefc ESP=0007fef4
EIP=00010058 EFL=00000206 [-----P-] CPL=0 II=0 A20=1 SMM=0 HLT=0
ES =0010 00000000 ffffffff 00cf9300 DPL=0 DS   [-WA]
CS =0008 00000000 ffffffff 00cf9a00 DPL=0 CS32 [-R-]
SS =0010 00000000 ffffffff 00cf9300 DPL=0 DS   [-WA]
DS =0010 00000000 ffffffff 00cf9300 DPL=0 DS   [-WA]
FS =0010 00000000 ffffffff 00cf9300 DPL=0 DS   [-WA]
GS =0010 00000000 ffffffff 00cf9300 DPL=0 DS   [-WA]
LDT=0000 00000000 0000ffff 00008200 DPL=0 LDT
TR =0000 00000000 0000ffff 00008b00 DPL=0 TSS32-busy
GDT=     0001049c 00000017
IDT=     00010500 000007ff
CR0=00000011 CR2=00000000 CR3=00000000 CR4=00000000
DR0=0000000000000000 DR1=0000000000000000 DR2=0000000000000000 DR3=0000000000000000 
DR6=00000000ffff0ff0 DR7=0000000000000400
CCS=00000004 CCD=0007fea8 CCO=EFLAGS
EFER=0000000000000000
Servicing hardware INT=0x21
    83: v=21 e=0000 i=0 cpl=0 IP=0008:0000000000010058 pc=0000000000010058 SP=0010:000000000007fef4 env->regs[R_EAX]=00000000000007ff
EAX=000007ff EBX=00010d00 ECX=00000000 EDX=00000021
ESI=00000000 EDI=00000000 EBP=0007fefc ESP=0007fef4
EIP=00010058 EFL=00000206 [-----P-] CPL=0 II=0 A20=1 SMM=0 HLT=0
ES =0010 00000000 ffffffff 00cf9300 DPL=0 DS   [-WA]
CS =0008 00000000 ffffffff 00cf9a00 DPL=0 CS32 [-R-]
SS =0010 00000000 ffffffff 00cf9300 DPL=0 DS   [-WA]
DS =0010 00000000 ffffffff 00cf9300 DPL=0 DS   [-WA]
FS =0010 00000000 ffffffff 00cf9300 DPL=0 DS   [-WA]
GS =0010 00000000 ffffffff 00cf9300 DPL=0 DS   [-WA]
LDT=0000 00000000 0000ffff 00008200 DPL=0 LDT
TR =0000 00000000 0000ffff 00008b00 DPL=0 TSS32-busy
GDT=     0001049c 00000017
IDT=     00010500 000007ff
CR0=00000011 CR2=00000000 CR3=00000000 CR4=00000000
DR0=0000000000000000 DR1=0000000000000000 DR2=0000000000000000 DR3=0000000000000000 
DR6=00000000ffff0ff0 DR7=0000000000000400
CCS=00000004 CCD=0007fea8 CCO=EFLAGS
EFER=0000000000000000
Servicing hardware INT=0x21
    84: v=21 e=0000 i=0 cpl=0 IP=0008:0000000000010058 pc=0000000000010058 SP=0010:000000000007fef4 env->regs[R_EAX]=00000000000007ff
EAX=000007ff EBX=00010d00 ECX=00000000 EDX=00000021
ESI=00000000 EDI=00000000 EBP=0007fefc ESP=0007fef4
EIP=00010058 EFL=00000206 [-----P-] CPL=0 II=0 A20=1 SMM=0 HLT=0
ES =0010 00000000 ffffffff 00cf9300 DPL=0 DS   [-WA]
CS =0008 00000000 ffffffff 00cf9a00 DPL=0 CS32 [-R-]
SS =0010 00000000 ffffffff 00cf9300 DPL=0 DS   [-WA]
DS =0010 00000000 ffffffff 00cf9300 DPL=0 DS   [-WA]
FS =0010 00000000 ffffffff 00cf9300 DPL=0 DS   [-WA]
GS =0010 00000000 ffffffff 00cf9300 DPL=0 DS   [-WA]
LDT=0000 00000000 0000ffff 00008200 DPL=0 LDT
TR =0000 00000000 0000ffff 00008b00 DPL=0 TSS32-busy
GDT=     0001049c 00000017
IDT=     00010500 000007ff
CR0=00000011 CR2=00000000 CR3=00000000 CR4=00000000
DR0=0000000000000000 DR1=0000000000000000 DR2=0000000000000000 DR3=0000000000000000 
DR6=00000000ffff0ff0 DR7=0000000000000400
CCS=00000004 CCD=0007fea8 CCO=EFLAGS
EFER=0000000000000000
Servicing hardware INT=0x21
    85: v=21 e=0000 i=0 cpl=0 IP=0008:0000000000010058 pc=0000000000010058 SP=0010:000000000007fef4 env->regs[R_EAX]=00000000000007ff
EAX=000007ff EBX=00010d00 ECX=00000000 EDX=00000021
ESI=00000000 EDI=00000000 EBP=0007fefc ESP=0007fef4
EIP=00010058 EFL=00000206 [-----P-] CPL=0 II=0 A20=1 SMM=0 HLT=0
ES =0010 00000000 ffffffff 00cf9300 DPL=0 DS   [-WA]
CS =0008 00000000 ffffffff 00cf9a00 DPL=0 CS32 [-R-]
SS =0010 00000000 ffffffff 00cf9300 DPL=0 DS   [-WA]
DS =0010 00000000 ffffffff 00cf9300 DPL=0 DS   [-WA]
FS =0010 00000000 ffffffff 00cf9300 DPL=0 DS   [-WA]
GS =0010 00000000 ffffffff 00cf9300 DPL=0 DS   [-WA]
LDT=0000 00000000 0000ffff 00008200 DPL=0 LDT
TR =0000 00000000 0000ffff 00008b00 DPL=0 TSS32-busy
GDT=     0001049c 00000017
IDT=     00010500 000007ff
CR0=00000011 CR2=00000000 CR3=00000000 CR4=00000000
DR0=0000000000000000 DR1=0000000000000000 DR2=0000000000000000 DR3=0000000000000000 
DR6=00000000ffff0ff0 DR7=0000000000000400
CCS=00000004 CCD=0007fea8 CCO=EFLAGS
EFER=0000000000000000
Servicing hardware INT=0x21
    86: v=21 e=0000 i=0 cpl=0 IP=0008:0000000000010058 pc=0000000000010058 SP=0010:000000000007fef4 env->regs[R_EAX]=00000000000007ff
EAX=000007ff EBX=00010d00 ECX=00000000 EDX=00000021
ESI=00000000 EDI=00000000 EBP=0007fefc ESP=0007fef4
EIP=00010058 EFL=00000206 [-----P-] CPL=0 II=0 A20=1 SMM=0 HLT=0
ES =0010 00000000 ffffffff 00cf9300 DPL=0 DS   [-WA]
CS =0008 00000000 ffffffff 00cf9a00 DPL=0 CS32 [-R-]
SS =0010 00000000 ffffffff 00cf9300 DPL=0 DS   [-WA]
DS =0010 00000000 ffffffff 00cf9300 DPL=0 DS   [-WA]
FS =0010 00000000 ffffffff 00cf9300 DPL=0 DS   [-WA]
GS =0010 00000000 ffffffff 00cf9300 DPL=0 DS   [-WA]
LDT=0000 00000000 0000ffff 00008200 DPL=0 LDT
TR =0000 00000000 0000ffff 00008b00 DPL=0 TSS32-busy
GDT=     0001049c 00000017
IDT=     00010500 000007ff
CR0=00000011 CR2=00000000 CR3=00000000 CR4=00000000
DR0=0000000000000000 DR1=0000000000000000 DR2=0000000000000000 DR3=0000000000000000 
DR6=00000000ffff0ff0 DR7=0000000000000400
CCS=00000004 CCD=0007fea8 CCO=EFLAGS
EFER=0000000000000000
Servicing hardware INT=0x21
    87: v=21 e=0000 i=0 cpl=0 IP=0008:0000000000010058 pc=0000000000010058 SP=0010:000000000007fef4 env->regs[R_EAX]=00000000000007ff
EAX=000007ff EBX=00010d00 ECX=00000000 EDX=00000021
ESI=00000000 EDI=00000000 EBP=0007fefc ESP=0007fef4
EIP=00010058 EFL=00000206 [-----P-] CPL=0 II=0 A20=1 SMM=0 HLT=0
ES =0010 00000000 ffffffff 00cf9300 DPL=0 DS   [-WA]
CS =0008 00000000 ffffffff 00cf9a00 DPL=0 CS32 [-R-]
SS =0010 00000000 ffffffff 00cf9300 DPL=0 DS   [-WA]
DS =0010 00000000 ffffffff 00cf9300 DPL=0 DS   [-WA]
FS =0010 00000000 ffffffff 00cf9300 DPL=0 DS   [-WA]
GS =0010 00000000 ffffffff 00cf9300 DPL=0 DS   [-WA]
LDT=0000 00000000 0000ffff 00008200 DPL=0 LDT
TR =0000 00000000 0000ffff 00008b00 DPL=0 TSS32-busy
GDT=     0001049c 00000017
IDT=     00010500 000007ff
CR0=00000011 CR2=00000000 CR3=00000000 CR4=00000000
DR0=0000000000000000 DR1=0000000000000000 DR2=0000000000000000 DR3=0000000000000000 
DR6=00000000ffff0ff0 DR7=0000000000000400
CCS=00000004 CCD=0007fea8 CCO=EFLAGS
EFER=0000000000000000
Servicing hardware INT=0x21
    88: v=21 e=0000 i=0 cpl=0 IP=0008:0000000000010058 pc=0000000000010058 SP=0010:000000000007fef4 env->regs[R_EAX]=00000000000007ff
EAX=000007ff EBX=00010d00 ECX=00000000 EDX=00000021
ESI=00000000 EDI=00000000 EBP=0007fefc ESP=0007fef4
EIP=00010058 EFL=00000206 [-----P-] CPL=0 II=0 A20=1 SMM=0 HLT=0
ES =0010 00000000 ffffffff 00cf9300 DPL=0 DS   [-WA]
CS =0008 00000000 ffffffff 00cf9a00 DPL=0 CS32 [-R-]
SS =0010 00000000 ffffffff 00cf9300 DPL=0 DS   [-WA]
DS =0010 00000000 ffffffff 00cf9300 DPL=0 DS   [-WA]
FS =0010 00000000 ffffffff 00cf9300 DPL=0 DS   [-WA]
GS =0010 00000000 ffffffff 00cf9300 DPL=0 DS   [-WA]
LDT=0000 00000000 0000ffff 00008200 DPL=0 LDT
TR =0000 00000000 0000ffff 00008b00 DPL=0 TSS32-busy
GDT=     0001049c 00000017
IDT=     00010500 000007ff
CR0=00000011 CR2=00000000 CR3=00000000 CR4=00000000
DR0=0000000000000000 DR1=0000000000000000 DR2=0000000000000000 DR3=0000000000000000 
DR6=00000000ffff0ff0 DR7=0000000000000400
CCS=00000004 CCD=0007fea8 CCO=EFLAGS
EFER=0000000000000000
Servicing hardware INT=0x21
    89: v=21 e=0000 i=0 cpl=0 IP=0008:0000000000010058 pc=0000000000010058 SP=0010:000000000007fef4 env->regs[R_EAX]=00000000000007ff
EAX=000007ff EBX=00010d00 ECX=00000000 EDX=00000021
ESI=00000000 EDI=00000000 EBP=0007fefc ESP=0007fef4
EIP=00010058 EFL=00000206 [-----P-] CPL=0 II=0 A20=1 SMM=0 HLT=0
ES =0010 00000000 ffffffff 00cf9300 DPL=0 DS   [-WA]
CS =0008 00000000 ffffffff 00cf9a00 DPL=0 CS32 [-R-]
SS =0010 00000000 ffffffff 00cf9300 DPL=0 DS   [-WA]
DS =0010 00000000 ffffffff 00cf9300 DPL=0 DS   [-WA]
FS =0010 00000000 ffffffff 00cf9300 DPL=0 DS   [-WA]
GS =0010 00000000 ffffffff 00cf9300 DPL=0 DS   [-WA]
LDT=0000 00000000 0000ffff 00008200 DPL=0 LDT
TR =0000 00000000 0000ffff 00008b00 DPL=0 TSS32-busy
GDT=     0001049c 00000017
IDT=     00010500 000007ff
CR0=00000011 CR2=00000000 CR3=00000000 CR4=00000000
DR0=0000000000000000 DR1=0000000000000000 DR2=0000000000000000 DR3=0000000000000000 
DR6=00000000ffff0ff0 DR7=0000000000000400
CCS=00000004 CCD=0007fea8 CCO=EFLAGS
EFER=0000000000000000
Servicing hardware INT=0x21
    90: v=21 e=0000 i=0 cpl=0 IP=0008:0000000000010058 pc=0000000000010058 SP=0010:000000000007fef4 env->regs[R_EAX]=00000000000007ff
EAX=000007ff EBX=00010d00 ECX=00000000 EDX=00000021
ESI=00000000 EDI=00000000 EBP=0007fefc ESP=0007fef4
EIP=00010058 EFL=00000206 [-----P-] CPL=0 II=0 A20=1 SMM=0 HLT=0
ES =0010 00000000 ffffffff 00cf9300 DPL=0 DS   [-WA]
CS =0008 00000000 ffffffff 00cf9a00 DPL=0 CS32 [-R-]
SS =0010 00000000 ffffffff 00cf9300 DPL=0 DS   [-WA]
DS =0010 00000000 ffffffff 00cf9300 DPL=0 DS   [-WA]
FS =0010 00000000 ffffffff 00cf9300 DPL=0 DS   [-WA]
GS =0010 00000000 ffffffff 00cf9300 DPL=0 DS   [-WA]
LDT=0000 00000000 0000ffff 00008200 DPL=0 LDT
TR =0000 00000000 0000ffff 00008b00 DPL=0 TSS32-busy
GDT=     0001049c 00000017
IDT=     00010500 000007ff
CR0=00000011 CR2=00000000 CR3=00000000 CR4=00000000
DR0=0000000000000000 DR1=0000000000000000 DR2=0000000000000000 DR3=0000000000000000 
DR6=00000000ffff0ff0 DR7=0000000000000400
CCS=00000004 CCD=0007fea8 CCO=EFLAGS
EFER=0000000000000000
Servicing hardware INT=0x21
    91: v=21 e=0000 i=0 cpl=0 IP=0008:0000000000010058 pc=0000000000010058 SP=0010:000000000007fef4 env->regs[R_EAX]=00000000000007ff
EAX=000007ff EBX=00010d00 ECX=00000000 EDX=00000021
ESI=00000000 EDI=00000000 EBP=0007fefc ESP=0007fef4
EIP=00010058 EFL=00000206 [-----P-] CPL=0 II=0 A20=1 SMM=0 HLT=0
ES =0010 00000000 ffffffff 00cf9300 DPL=0 DS   [-WA]
CS =0008 00000000 ffffffff 00cf9a00 DPL=0 CS32 [-R-]
SS =0010 00000000 ffffffff 00cf9300 DPL=0 DS   [-WA]
DS =0010 00000000 ffffffff 00cf9300 DPL=0 DS   [-WA]
FS =0010 00000000 ffffffff 00cf9300 DPL=0 DS   [-WA]
GS =0010 00000000 ffffffff 00cf9300 DPL=0 DS   [-WA]
LDT=0000 00000000 0000ffff 00008200 DPL=0 LDT
TR =0000 00000000 0000ffff 00008b00 DPL=0 TSS32-busy
GDT=     0001049c 00000017
IDT=     00010500 000007ff
CR0=00000011 CR2=00000000 CR3=00000000 CR4=00000000
DR0=0000000000000000 DR1=0000000000000000 DR2=0000000000000000 DR3=0000000000000000 
DR6=00000000ffff0ff0 DR7=0000000000000400
CCS=00000004 CCD=0007fea8 CCO=EFLAGS
EFER=0000000000000000
Servicing hardware INT=0x21
    92: v=21 e=0000 i=0 cpl=0 IP=0008:0000000000010058 pc=0000000000010058 SP=0010:000000000007fef4 env->regs[R_EAX]=00000000000007ff
EAX=000007ff EBX=00010d00 ECX=00000000 EDX=00000021
ESI=00000000 EDI=00000000 EBP=0007fefc ESP=0007fef4
EIP=00010058 EFL=00000206 [-----P-] CPL=0 II=0 A20=1 SMM=0 HLT=0
ES =0010 00000000 ffffffff 00cf9300 DPL=0 DS   [-WA]
CS =0008 00000000 ffffffff 00cf9a00 DPL=0 CS32 [-R-]
SS =0010 00000000 ffffffff 00cf9300 DPL=0 DS   [-WA]
DS =0010 00000000 ffffffff 00cf9300 DPL=0 DS   [-WA]
FS =0010 00000000 ffffffff 00cf9300 DPL=0 DS   [-WA]
GS =0010 00000000 ffffffff 00cf9300 DPL=0 DS   [-WA]
LDT=0000 00000000 0000ffff 00008200 DPL=0 LDT
TR =0000 00000000 0000ffff 00008b00 DPL=0 TSS32-busy
GDT=     0001049c 00000017
IDT=     00010500 000007ff
CR0=00000011 CR2=00000000 CR3=00000000 CR4=00000000
DR0=0000000000000000 DR1=0000000000000000 DR2=0000000000000000 DR3=0000000000000000 
DR6=00000000ffff0ff0 DR7=0000000000000400
CCS=00000004 CCD=0007fea8 CCO=EFLAGS
EFER=0000000000000000
Servicing hardware INT=0x21
    93: v=21 e=0000 i=0 cpl=0 IP=0008:0000000000010058 pc=0000000000010058 SP=0010:000000000007fef4 env->regs[R_EAX]=00000000000007ff
EAX=000007ff EBX=00010d00 ECX=00000000 EDX=00000021
ESI=00000000 EDI=00000000 EBP=0007fefc ESP=0007fef4
EIP=00010058 EFL=00000206 [-----P-] CPL=0 II=0 A20=1 SMM=0 HLT=0
ES =0010 00000000 ffffffff 00cf9300 DPL=0 DS   [-WA]
CS =0008 00000000 ffffffff 00cf9a00 DPL=0 CS32 [-R-]
SS =0010 00000000 ffffffff 00cf9300 DPL=0 DS   [-WA]
DS =0010 00000000 ffffffff 00cf9300 DPL=0 DS   [-WA]
FS =0010 00000000 ffffffff 00cf9300 DPL=0 DS   [-WA]
GS =0010 00000000 ffffffff 00cf9300 DPL=0 DS   [-WA]
LDT=0000 00000000 0000ffff 00008200 DPL=0 LDT
TR =0000 00000000 0000ffff 00008b00 DPL=0 TSS32-busy
GDT=     0001049c 00000017
IDT=     00010500 000007ff
CR0=00000011 CR2=00000000 CR3=00000000 CR4=00000000
DR0=0000000000000000 DR1=0000000000000000 DR2=0000000000000000 DR3=0000000000000000 
DR6=00000000ffff0ff0 DR7=0000000000000400
CCS=00000004 CCD=0007fea8 CCO=EFLAGS
EFER=0000000000000000
Servicing hardware INT=0x21
    94: v=21 e=0000 i=0 cpl=0 IP=0008:0000000000010058 pc=0000000000010058 SP=0010:000000000007fef4 env->regs[R_EAX]=00000000000007ff
EAX=000007ff EBX=00010d00 ECX=00000000 EDX=00000021
ESI=00000000 EDI=00000000 EBP=0007fefc ESP=0007fef4
EIP=00010058 EFL=00000206 [-----P-] CPL=0 II=0 A20=1 SMM=0 HLT=0
ES =0010 00000000 ffffffff 00cf9300 DPL=0 DS   [-WA]
CS =0008 00000000 ffffffff 00cf9a00 DPL=0 CS32 [-R-]
SS =0010 00000000 ffffffff 00cf9300 DPL=0 DS   [-WA]
DS =0010 00000000 ffffffff 00cf9300 DPL=0 DS   [-WA]
FS =0010 00000000 ffffffff 00cf9300 DPL=0 DS   [-WA]
GS =0010 00000000 ffffffff 00cf9300 DPL=0 DS   [-WA]
LDT=0000 00000000 0000ffff 00008200 DPL=0 LDT
TR =0000 00000000 0000ffff 00008b00 DPL=0 TSS32-busy
GDT=     0001049c 00000017
IDT=     00010500 000007ff
CR0=00000011 CR2=00000000 CR3=00000000 CR4=00000000
DR0=0000000000000000 DR1=0000000000000000 DR2=0000000000000000 DR3=0000000000000000 
DR6=00000000ffff0ff0 DR7=0000000000000400
CCS=00000004 CCD=0007fea8 CCO=EFLAGS
EFER=0000000000000000
Servicing hardware INT=0x21
    95: v=21 e=0000 i=0 cpl=0 IP=0008:0000000000010058 pc=0000000000010058 SP=0010:000000000007fef4 env->regs[R_EAX]=00000000000007ff
EAX=000007ff EBX=00010d00 ECX=00000000 EDX=00000021
ESI=00000000 EDI=00000000 EBP=0007fefc ESP=0007fef4
EIP=00010058 EFL=00000206 [-----P-] CPL=0 II=0 A20=1 SMM=0 HLT=0
ES =0010 00000000 ffffffff 00cf9300 DPL=0 DS   [-WA]
CS =0008 00000000 ffffffff 00cf9a00 DPL=0 CS32 [-R-]
SS =0010 00000000 ffffffff 00cf9300 DPL=0 DS   [-WA]
DS =0010 00000000 ffffffff 00cf9300 DPL=0 DS   [-WA]
FS =0010 00000000 ffffffff 00cf9300 DPL=0 DS   [-WA]
GS =0010 00000000 ffffffff 00cf9300 DPL=0 DS   [-WA]
LDT=0000 00000000 0000ffff 00008200 DPL=0 LDT
TR =0000 00000000 0000ffff 00008b00 DPL=0 TSS32-busy
GDT=     0001049c 00000017
IDT=     00010500 000007ff
CR0=00000011 CR2=00000000 CR3=00000000 CR4=00000000
DR0=0000000000000000 DR1=0000000000000000 DR2=0000000000000000 DR3=0000000000000000 
DR6=00000000ffff0ff0 DR7=0000000000000400
CCS=00000004 CCD=0007fea8 CCO=EFLAGS
EFER=0000000000000000
Servicing hardware INT=0x21
    96: v=21 e=0000 i=0 cpl=0 IP=0008:0000000000010058 pc=0000000000010058 SP=0010:000000000007fef4 env->regs[R_EAX]=00000000000007ff
EAX=000007ff EBX=00010d00 ECX=00000000 EDX=00000021
ESI=00000000 EDI=00000000 EBP=0007fefc ESP=0007fef4
EIP=00010058 EFL=00000206 [-----P-] CPL=0 II=0 A20=1 SMM=0 HLT=0
ES =0010 00000000 ffffffff 00cf9300 DPL=0 DS   [-WA]
CS =0008 00000000 ffffffff 00cf9a00 DPL=0 CS32 [-R-]
SS =0010 00000000 ffffffff 00cf9300 DPL=0 DS   [-WA]
DS =0010 00000000 ffffffff 00cf9300 DPL=0 DS   [-WA]
FS =0010 00000000 ffffffff 00cf9300 DPL=0 DS   [-WA]
GS =0010 00000000 ffffffff 00cf9300 DPL=0 DS   [-WA]
LDT=0000 00000000 0000ffff 00008200 DPL=0 LDT
TR =0000 00000000 0000ffff 00008b00 DPL=0 TSS32-busy
GDT=     0001049c 00000017
IDT=     00010500 000007ff
CR0=00000011 CR2=00000000 CR3=00000000 CR4=00000000
DR0=0000000000000000 DR1=0000000000000000 DR2=0000000000000000 DR3=0000000000000000 
DR6=00000000ffff0ff0 DR7=0000000000000400
CCS=00000004 CCD=0007fea8 CCO=EFLAGS
EFER=0000000000000000
Servicing hardware INT=0x21
    97: v=21 e=0000 i=0 cpl=0 IP=0008:0000000000010058 pc=0000000000010058 SP=0010:000000000007fef4 env->regs[R_EAX]=00000000000007ff
EAX=000007ff EBX=00010d00 ECX=00000000 EDX=00000021
ESI=00000000 EDI=00000000 EBP=0007fefc ESP=0007fef4
EIP=00010058 EFL=00000206 [-----P-] CPL=0 II=0 A20=1 SMM=0 HLT=0
ES =0010 00000000 ffffffff 00cf9300 DPL=0 DS   [-WA]
CS =0008 00000000 ffffffff 00cf9a00 DPL=0 CS32 [-R-]
SS =0010 00000000 ffffffff 00cf9300 DPL=0 DS   [-WA]
DS =0010 00000000 ffffffff 00cf9300 DPL=0 DS   [-WA]
FS =0010 00000000 ffffffff 00cf9300 DPL=0 DS   [-WA]
GS =0010 00000000 ffffffff 00cf9300 DPL=0 DS   [-WA]
LDT=0000 00000000 0000ffff 00008200 DPL=0 LDT
TR =0000 00000000 0000ffff 00008b00 DPL=0 TSS32-busy
GDT=     0001049c 00000017
IDT=     00010500 000007ff
CR0=00000011 CR2=00000000 CR3=00000000 CR4=00000000
DR0=0000000000000000 DR1=0000000000000000 DR2=0000000000000000 DR3=0000000000000000 
DR6=00000000ffff0ff0 DR7=0000000000000400
CCS=00000004 CCD=0007fea8 CCO=EFLAGS
EFER=0000000000000000
Servicing hardware INT=0x21
    98: v=21 e=0000 i=0 cpl=0 IP=0008:0000000000010058 pc=0000000000010058 SP=0010:000000000007fef4 env->regs[R_EAX]=00000000000007ff
EAX=000007ff EBX=00010d00 ECX=00000000 EDX=00000021
ESI=00000000 EDI=00000000 EBP=0007fefc ESP=0007fef4
EIP=00010058 EFL=00000206 [-----P-] CPL=0 II=0 A20=1 SMM=0 HLT=0
ES =0010 00000000 ffffffff 00cf9300 DPL=0 DS   [-WA]
CS =0008 00000000 ffffffff 00cf9a00 DPL=0 CS32 [-R-]
SS =0010 00000000 ffffffff 00cf9300 DPL=0 DS   [-WA]
DS =0010 00000000 ffffffff 00cf9300 DPL=0 DS   [-WA]
FS =0010 00000000 ffffffff 00cf9300 DPL=0 DS   [-WA]
GS =0010 00000000 ffffffff 00cf9300 DPL=0 DS   [-WA]
LDT=0000 00000000 0000ffff 00008200 DPL=0 LDT
TR =0000 00000000 0000ffff 00008b00 DPL=0 TSS32-busy
GDT=     0001049c 00000017
IDT=     00010500 000007ff
CR0=00000011 CR2=00000000 CR3=00000000 CR4=00000000
DR0=0000000000000000 DR1=0000000000000000 DR2=0000000000000000 DR3=0000000000000000 
DR6=00000000ffff0ff0 DR7=0000000000000400
CCS=00000004 CCD=0007fea8 CCO=EFLAGS
EFER=0000000000000000
Servicing hardware INT=0x21
    99: v=21 e=0000 i=0 cpl=0 IP=0008:0000000000010058 pc=0000000000010058 SP=0010:000000000007fef4 env->regs[R_EAX]=00000000000007ff
EAX=000007ff EBX=00010d00 ECX=00000000 EDX=00000021
ESI=00000000 EDI=00000000 EBP=0007fefc ESP=0007fef4
EIP=00010058 EFL=00000206 [-----P-] CPL=0 II=0 A20=1 SMM=0 HLT=0
ES =0010 00000000 ffffffff 00cf9300 DPL=0 DS   [-WA]
CS =0008 00000000 ffffffff 00cf9a00 DPL=0 CS32 [-R-]
SS =0010 00000000 ffffffff 00cf9300 DPL=0 DS   [-WA]
DS =0010 00000000 ffffffff 00cf9300 DPL=0 DS   [-WA]
FS =0010 00000000 ffffffff 00cf9300 DPL=0 DS   [-WA]
GS =0010 00000000 ffffffff 00cf9300 DPL=0 DS   [-WA]
LDT=0000 00000000 0000ffff 00008200 DPL=0 LDT
TR =0000 00000000 0000ffff 00008b00 DPL=0 TSS32-busy
GDT=     0001049c 00000017
IDT=     00010500 000007ff
CR0=00000011 CR2=00000000 CR3=00000000 CR4=00000000
DR0=0000000000000000 DR1=0000000000000000 DR2=0000000000000000 DR3=0000000000000000 
DR6=00000000ffff0ff0 DR7=0000000000000400
CCS=00000004 CCD=0007fea8 CCO=EFLAGS
EFER=0000000000000000
Servicing hardware INT=0x21
   100: v=21 e=0000 i=0 cpl=0 IP=0008:0000000000010058 pc=0000000000010058 SP=0010:000000000007fef4 env->regs[R_EAX]=00000000000007ff
EAX=000007ff EBX=00010d00 ECX=00000000 EDX=00000021
ESI=00000000 EDI=00000000 EBP=0007fefc ESP=0007fef4
EIP=00010058 EFL=00000206 [-----P-] CPL=0 II=0 A20=1 SMM=0 HLT=0
ES =0010 00000000 ffffffff 00cf9300 DPL=0 DS   [-WA]
CS =0008 00000000 ffffffff 00cf9a00 DPL=0 CS32 [-R-]
SS =0010 00000000 ffffffff 00cf9300 DPL=0 DS   [-WA]
DS =0010 00000000 ffffffff 00cf9300 DPL=0 DS   [-WA]
FS =0010 00000000 ffffffff 00cf9300 DPL=0 DS   [-WA]
GS =0010 00000000 ffffffff 00cf9300 DPL=0 DS   [-WA]
LDT=0000 00000000 0000ffff 00008200 DPL=0 LDT
TR =0000 00000000 0000ffff 00008b00 DPL=0 TSS32-busy
GDT=     0001049c 00000017
IDT=     00010500 000007ff
CR0=00000011 CR2=00000000 CR3=00000000 CR4=00000000
DR0=0000000000000000 DR1=0000000000000000 DR2=0000000000000000 DR3=0000000000000000 
DR6=00000000ffff0ff0 DR7=0000000000000400
CCS=00000004 CCD=0007fea8 CCO=EFLAGS
EFER=0000000000000000
Servicing hardware INT=0x21
   101: v=21 e=0000 i=0 cpl=0 IP=0008:0000000000010058 pc=0000000000010058 SP=0010:000000000007fef4 env->regs[R_EAX]=00000000000007ff
EAX=000007ff EBX=00010d00 ECX=00000000 EDX=00000021
ESI=00000000 EDI=00000000 EBP=0007fefc ESP=0007fef4
EIP=00010058 EFL=00000206 [-----P-] CPL=0 II=0 A20=1 SMM=0 HLT=0
ES =0010 00000000 ffffffff 00cf9300 DPL=0 DS   [-WA]
CS =0008 00000000 ffffffff 00cf9a00 DPL=0 CS32 [-R-]
SS =0010 00000000 ffffffff 00cf9300 DPL=0 DS   [-WA]
DS =0010 00000000 ffffffff 00cf9300 DPL=0 DS   [-WA]
FS =0010 00000000 ffffffff 00cf9300 DPL=0 DS   [-WA]
GS =0010 00000000 ffffffff 00cf9300 DPL=0 DS   [-WA]
LDT=0000 00000000 0000ffff 00008200 DPL=0 LDT
TR =0000 00000000 0000ffff 00008b00 DPL=0 TSS32-busy
GDT=     0001049c 00000017
IDT=     00010500 000007ff
CR0=00000011 CR2=00000000 CR3=00000000 CR4=00000000
DR0=0000000000000000 DR1=0000000000000000 DR2=0000000000000000 DR3=0000000000000000 
DR6=00000000ffff0ff0 DR7=0000000000000400
CCS=00000004 CCD=0007fea8 CCO=EFLAGS
EFER=0000000000000000
Servicing hardware INT=0x21
   102: v=21 e=0000 i=0 cpl=0 IP=0008:0000000000010058 pc=0000000000010058 SP=0010:000000000007fef4 env->regs[R_EAX]=00000000000007ff
EAX=000007ff EBX=00010d00 ECX=00000000 EDX=00000021
ESI=00000000 EDI=00000000 EBP=0007fefc ESP=0007fef4
EIP=00010058 EFL=00000206 [-----P-] CPL=0 II=0 A20=1 SMM=0 HLT=0
ES =0010 00000000 ffffffff 00cf9300 DPL=0 DS   [-WA]
CS =0008 00000000 ffffffff 00cf9a00 DPL=0 CS32 [-R-]
SS =0010 00000000 ffffffff 00cf9300 DPL=0 DS   [-WA]
DS =0010 00000000 ffffffff 00cf9300 DPL=0 DS   [-WA]
FS =0010 00000000 ffffffff 00cf9300 DPL=0 DS   [-WA]
GS =0010 00000000 ffffffff 00cf9300 DPL=0 DS   [-WA]
LDT=0000 00000000 0000ffff 00008200 DPL=0 LDT
TR =0000 00000000 0000ffff 00008b00 DPL=0 TSS32-busy
GDT=     0001049c 00000017
IDT=     00010500 000007ff
CR0=00000011 CR2=00000000 CR3=00000000 CR4=00000000
DR0=0000000000000000 DR1=0000000000000000 DR2=0000000000000000 DR3=0000000000000000 
DR6=00000000ffff0ff0 DR7=0000000000000400
CCS=00000004 CCD=0007fea8 CCO=EFLAGS
EFER=0000000000000000
Servicing hardware INT=0x21
   103: v=21 e=0000 i=0 cpl=0 IP=0008:0000000000010058 pc=0000000000010058 SP=0010:000000000007fef4 env->regs[R_EAX]=00000000000007ff
EAX=000007ff EBX=00010d00 ECX=00000000 EDX=00000021
ESI=00000000 EDI=00000000 EBP=0007fefc ESP=0007fef4
EIP=00010058 EFL=00000206 [-----P-] CPL=0 II=0 A20=1 SMM=0 HLT=0
ES =0010 00000000 ffffffff 00cf9300 DPL=0 DS   [-WA]
CS =0008 00000000 ffffffff 00cf9a00 DPL=0 CS32 [-R-]
SS =0010 00000000 ffffffff 00cf9300 DPL=0 DS   [-WA]
DS =0010 00000000 ffffffff 00cf9300 DPL=0 DS   [-WA]
FS =0010 00000000 ffffffff 00cf9300 DPL=0 DS   [-WA]
GS =0010 00000000 ffffffff 00cf9300 DPL=0 DS   [-WA]
LDT=0000 00000000 0000ffff 00008200 DPL=0 LDT
TR =0000 00000000 0000ffff 00008b00 DPL=0 TSS32-busy
GDT=     0001049c 00000017
IDT=     00010500 000007ff
CR0=00000011 CR2=00000000 CR3=00000000 CR4=00000000
DR0=0000000000000000 DR1=0000000000000000 DR2=0000000000000000 DR3=0000000000000000 
DR6=00000000ffff0ff0 DR7=0000000000000400
CCS=00000004 CCD=0007fea8 CCO=EFLAGS
EFER=0000000000000000
Servicing hardware INT=0x21
   104: v=21 e=0000 i=0 cpl=0 IP=0008:0000000000010058 pc=0000000000010058 SP=0010:000000000007fef4 env->regs[R_EAX]=00000000000007ff
EAX=000007ff EBX=00010d00 ECX=00000000 EDX=00000021
ESI=00000000 EDI=00000000 EBP=0007fefc ESP=0007fef4
EIP=00010058 EFL=00000206 [-----P-] CPL=0 II=0 A20=1 SMM=0 HLT=0
ES =0010 00000000 ffffffff 00cf9300 DPL=0 DS   [-WA]
CS =0008 00000000 ffffffff 00cf9a00 DPL=0 CS32 [-R-]
SS =0010 00000000 ffffffff 00cf9300 DPL=0 DS   [-WA]
DS =0010 00000000 ffffffff 00cf9300 DPL=0 DS   [-WA]
FS =0010 00000000 ffffffff 00cf9300 DPL=0 DS   [-WA]
GS =0010 00000000 ffffffff 00cf9300 DPL=0 DS   [-WA]
LDT=0000 00000000 0000ffff 00008200 DPL=0 LDT
TR =0000 00000000 0000ffff 00008b00 DPL=0 TSS32-busy
GDT=     0001049c 00000017
IDT=     00010500 000007ff
CR0=00000011 CR2=00000000 CR3=00000000 CR4=00000000
DR0=0000000000000000 DR1=0000000000000000 DR2=0000000000000000 DR3=0000000000000000 
DR6=00000000ffff0ff0 DR7=0000000000000400
CCS=00000004 CCD=0007fea8 CCO=EFLAGS
EFER=0000000000000000
Servicing hardware INT=0x21
   105: v=21 e=0000 i=0 cpl=0 IP=0008:0000000000010058 pc=0000000000010058 SP=0010:000000000007fef4 env->regs[R_EAX]=00000000000007ff
EAX=000007ff EBX=00010d00 ECX=00000000 EDX=00000021
ESI=00000000 EDI=00000000 EBP=0007fefc ESP=0007fef4
EIP=00010058 EFL=00000206 [-----P-] CPL=0 II=0 A20=1 SMM=0 HLT=0
ES =0010 00000000 ffffffff 00cf9300 DPL=0 DS   [-WA]
CS =0008 00000000 ffffffff 00cf9a00 DPL=0 CS32 [-R-]
SS =0010 00000000 ffffffff 00cf9300 DPL=0 DS   [-WA]
DS =0010 00000000 ffffffff 00cf9300 DPL=0 DS   [-WA]
FS =0010 00000000 ffffffff 00cf9300 DPL=0 DS   [-WA]
GS =0010 00000000 ffffffff 00cf9300 DPL=0 DS   [-WA]
LDT=0000 00000000 0000ffff 00008200 DPL=0 LDT
TR =0000 00000000 0000ffff 00008b00 DPL=0 TSS32-busy
GDT=     0001049c 00000017
IDT=     00010500 000007ff
CR0=00000011 CR2=00000000 CR3=00000000 CR4=00000000
DR0=0000000000000000 DR1=0000000000000000 DR2=0000000000000000 DR3=0000000000000000 
DR6=00000000ffff0ff0 DR7=0000000000000400
CCS=00000004 CCD=0007fea8 CCO=EFLAGS
EFER=0000000000000000
Servicing hardware INT=0x21
   106: v=21 e=0000 i=0 cpl=0 IP=0008:0000000000010058 pc=0000000000010058 SP=0010:000000000007fef4 env->regs[R_EAX]=00000000000007ff
EAX=000007ff EBX=00010d00 ECX=00000000 EDX=00000021
ESI=00000000 EDI=00000000 EBP=0007fefc ESP=0007fef4
EIP=00010058 EFL=00000206 [-----P-] CPL=0 II=0 A20=1 SMM=0 HLT=0
ES =0010 00000000 ffffffff 00cf9300 DPL=0 DS   [-WA]
CS =0008 00000000 ffffffff 00cf9a00 DPL=0 CS32 [-R-]
SS =0010 00000000 ffffffff 00cf9300 DPL=0 DS   [-WA]
DS =0010 00000000 ffffffff 00cf9300 DPL=0 DS   [-WA]
FS =0010 00000000 ffffffff 00cf9300 DPL=0 DS   [-WA]
GS =0010 00000000 ffffffff 00cf9300 DPL=0 DS   [-WA]
LDT=0000 00000000 0000ffff 00008200 DPL=0 LDT
TR =0000 00000000 0000ffff 00008b00 DPL=0 TSS32-busy
GDT=     0001049c 00000017
IDT=     00010500 000007ff
CR0=00000011 CR2=00000000 CR3=00000000 CR4=00000000
DR0=0000000000000000 DR1=0000000000000000 DR2=0000000000000000 DR3=0000000000000000 
DR6=00000000ffff0ff0 DR7=0000000000000400
CCS=00000004 CCD=0007fea8 CCO=EFLAGS
EFER=0000000000000000
Servicing hardware INT=0x21
   107: v=21 e=0000 i=0 cpl=0 IP=0008:0000000000010058 pc=0000000000010058 SP=0010:000000000007fef4 env->regs[R_EAX]=00000000000007ff
EAX=000007ff EBX=00010d00 ECX=00000000 EDX=00000021
ESI=00000000 EDI=00000000 EBP=0007fefc ESP=0007fef4
EIP=00010058 EFL=00000206 [-----P-] CPL=0 II=0 A20=1 SMM=0 HLT=0
ES =0010 00000000 ffffffff 00cf9300 DPL=0 DS   [-WA]
CS =0008 00000000 ffffffff 00cf9a00 DPL=0 CS32 [-R-]
SS =0010 00000000 ffffffff 00cf9300 DPL=0 DS   [-WA]
DS =0010 00000000 ffffffff 00cf9300 DPL=0 DS   [-WA]
FS =0010 00000000 ffffffff 00cf9300 DPL=0 DS   [-WA]
GS =0010 00000000 ffffffff 00cf9300 DPL=0 DS   [-WA]
LDT=0000 00000000 0000ffff 00008200 DPL=0 LDT
TR =0000 00000000 0000ffff 00008b00 DPL=0 TSS32-busy
GDT=     0001049c 00000017
IDT=     00010500 000007ff
CR0=00000011 CR2=00000000 CR3=00000000 CR4=00000000
DR0=0000000000000000 DR1=0000000000000000 DR2=0000000000000000 DR3=0000000000000000 
DR6=00000000ffff0ff0 DR7=0000000000000400
CCS=00000004 CCD=0007fea8 CCO=EFLAGS
EFER=0000000000000000
Servicing hardware INT=0x21
   108: v=21 e=0000 i=0 cpl=0 IP=0008:0000000000010058 pc=0000000000010058 SP=0010:000000000007fef4 env->regs[R_EAX]=00000000000007ff
EAX=000007ff EBX=00010d00 ECX=00000000 EDX=00000021
ESI=00000000 EDI=00000000 EBP=0007fefc ESP=0007fef4
EIP=00010058 EFL=00000206 [-----P-] CPL=0 II=0 A20=1 SMM=0 HLT=0
ES =0010 00000000 ffffffff 00cf9300 DPL=0 DS   [-WA]
CS =0008 00000000 ffffffff 00cf9a00 DPL=0 CS32 [-R-]
SS =0010 00000000 ffffffff 00cf9300 DPL=0 DS   [-WA]
DS =0010 00000000 ffffffff 00cf9300 DPL=0 DS   [-WA]
FS =0010 00000000 ffffffff 00cf9300 DPL=0 DS   [-WA]
GS =0010 00000000 ffffffff 00cf9300 DPL=0 DS   [-WA]
LDT=0000 00000000 0000ffff 00008200 DPL=0 LDT
TR =0000 00000000 0000ffff 00008b00 DPL=0 TSS32-busy
GDT=     0001049c 00000017
IDT=     00010500 000007ff
CR0=00000011 CR2=00000000 CR3=00000000 CR4=00000000
DR0=0000000000000000 DR1=0000000000000000 DR2=0000000000000000 DR3=0000000000000000 
DR6=00000000ffff0ff0 DR7=0000000000000400
CCS=00000004 CCD=0007fea8 CCO=EFLAGS
EFER=0000000000000000
Servicing hardware INT=0x21
   109: v=21 e=0000 i=0 cpl=0 IP=0008:0000000000010058 pc=0000000000010058 SP=0010:000000000007fef4 env->regs[R_EAX]=00000000000007ff
EAX=000007ff EBX=00010d00 ECX=00000000 EDX=00000021
ESI=00000000 EDI=00000000 EBP=0007fefc ESP=0007fef4
EIP=00010058 EFL=00000206 [-----P-] CPL=0 II=0 A20=1 SMM=0 HLT=0
ES =0010 00000000 ffffffff 00cf9300 DPL=0 DS   [-WA]
CS =0008 00000000 ffffffff 00cf9a00 DPL=0 CS32 [-R-]
SS =0010 00000000 ffffffff 00cf9300 DPL=0 DS   [-WA]
DS =0010 00000000 ffffffff 00cf9300 DPL=0 DS   [-WA]
FS =0010 00000000 ffffffff 00cf9300 DPL=0 DS   [-WA]
GS =0010 00000000 ffffffff 00cf9300 DPL=0 DS   [-WA]
LDT=0000 00000000 0000ffff 00008200 DPL=0 LDT
TR =0000 00000000 0000ffff 00008b00 DPL=0 TSS32-busy
GDT=     0001049c 00000017
IDT=     00010500 000007ff
CR0=00000011 CR2=00000000 CR3=00000000 CR4=00000000
DR0=0000000000000000 DR1=0000000000000000 DR2=0000000000000000 DR3=0000000000000000 
DR6=00000000ffff0ff0 DR7=0000000000000400
CCS=00000004 CCD=0007fea8 CCO=EFLAGS
EFER=0000000000000000
Servicing hardware INT=0x21
   110: v=21 e=0000 i=0 cpl=0 IP=0008:0000000000010058 pc=0000000000010058 SP=0010:000000000007fef4 env->regs[R_EAX]=00000000000007ff
EAX=000007ff EBX=00010d00 ECX=00000000 EDX=00000021
ESI=00000000 EDI=00000000 EBP=0007fefc ESP=0007fef4
EIP=00010058 EFL=00000206 [-----P-] CPL=0 II=0 A20=1 SMM=0 HLT=0
ES =0010 00000000 ffffffff 00cf9300 DPL=0 DS   [-WA]
CS =0008 00000000 ffffffff 00cf9a00 DPL=0 CS32 [-R-]
SS =0010 00000000 ffffffff 00cf9300 DPL=0 DS   [-WA]
DS =0010 00000000 ffffffff 00cf9300 DPL=0 DS   [-WA]
FS =0010 00000000 ffffffff 00cf9300 DPL=0 DS   [-WA]
GS =0010 00000000 ffffffff 00cf9300 DPL=0 DS   [-WA]
LDT=0000 00000000 0000ffff 00008200 DPL=0 LDT
TR =0000 00000000 0000ffff 00008b00 DPL=0 TSS32-busy
GDT=     0001049c 00000017
IDT=     00010500 000007ff
CR0=00000011 CR2=00000000 CR3=00000000 CR4=00000000
DR0=0000000000000000 DR1=0000000000000000 DR2=0000000000000000 DR3=0000000000000000 
DR6=00000000ffff0ff0 DR7=0000000000000400
CCS=00000004 CCD=0007fea8 CCO=EFLAGS
EFER=0000000000000000
Servicing hardware INT=0x21
   111: v=21 e=0000 i=0 cpl=0 IP=0008:0000000000010058 pc=0000000000010058 SP=0010:000000000007fef4 env->regs[R_EAX]=00000000000007ff
EAX=000007ff EBX=00010d00 ECX=00000000 EDX=00000021
ESI=00000000 EDI=00000000 EBP=0007fefc ESP=0007fef4
EIP=00010058 EFL=00000206 [-----P-] CPL=0 II=0 A20=1 SMM=0 HLT=0
ES =0010 00000000 ffffffff 00cf9300 DPL=0 DS   [-WA]
CS =0008 00000000 ffffffff 00cf9a00 DPL=0 CS32 [-R-]
SS =0010 00000000 ffffffff 00cf9300 DPL=0 DS   [-WA]
DS =0010 00000000 ffffffff 00cf9300 DPL=0 DS   [-WA]
FS =0010 00000000 ffffffff 00cf9300 DPL=0 DS   [-WA]
GS =0010 00000000 ffffffff 00cf9300 DPL=0 DS   [-WA]
LDT=0000 00000000 0000ffff 00008200 DPL=0 LDT
TR =0000 00000000 0000ffff 00008b00 DPL=0 TSS32-busy
GDT=     0001049c 00000017
IDT=     00010500 000007ff
CR0=00000011 CR2=00000000 CR3=00000000 CR4=00000000
DR0=0000000000000000 DR1=0000000000000000 DR2=0000000000000000 DR3=0000000000000000 
DR6=00000000ffff0ff0 DR7=0000000000000400
CCS=00000004 CCD=0007fea8 CCO=EFLAGS
EFER=0000000000000000
Servicing hardware INT=0x21
   112: v=21 e=0000 i=0 cpl=0 IP=0008:0000000000010058 pc=0000000000010058 SP=0010:000000000007fef4 env->regs[R_EAX]=00000000000007ff
EAX=000007ff EBX=00010d00 ECX=00000000 EDX=00000021
ESI=00000000 EDI=00000000 EBP=0007fefc ESP=0007fef4
EIP=00010058 EFL=00000206 [-----P-] CPL=0 II=0 A20=1 SMM=0 HLT=0
ES =0010 00000000 ffffffff 00cf9300 DPL=0 DS   [-WA]
CS =0008 00000000 ffffffff 00cf9a00 DPL=0 CS32 [-R-]
SS =0010 00000000 ffffffff 00cf9300 DPL=0 DS   [-WA]
DS =0010 00000000 ffffffff 00cf9300 DPL=0 DS   [-WA]
FS =0010 00000000 ffffffff 00cf9300 DPL=0 DS   [-WA]
GS =0010 00000000 ffffffff 00cf9300 DPL=0 DS   [-WA]
LDT=0000 00000000 0000ffff 00008200 DPL=0 LDT
TR =0000 00000000 0000ffff 00008b00 DPL=0 TSS32-busy
GDT=     0001049c 00000017
IDT=     00010500 000007ff
CR0=00000011 CR2=00000000 CR3=00000000 CR4=00000000
DR0=0000000000000000 DR1=0000000000000000 DR2=0000000000000000 DR3=0000000000000000 
DR6=00000000ffff0ff0 DR7=0000000000000400
CCS=00000004 CCD=0007fea8 CCO=EFLAGS
EFER=0000000000000000
Servicing hardware INT=0x21
   113: v=21 e=0000 i=0 cpl=0 IP=0008:0000000000010058 pc=0000000000010058 SP=0010:000000000007fef4 env->regs[R_EAX]=00000000000007ff
EAX=000007ff EBX=00010d00 ECX=00000000 EDX=00000021
ESI=00000000 EDI=00000000 EBP=0007fefc ESP=0007fef4
EIP=00010058 EFL=00000206 [-----P-] CPL=0 II=0 A20=1 SMM=0 HLT=0
ES =0010 00000000 ffffffff 00cf9300 DPL=0 DS   [-WA]
CS =0008 00000000 ffffffff 00cf9a00 DPL=0 CS32 [-R-]
SS =0010 00000000 ffffffff 00cf9300 DPL=0 DS   [-WA]
DS =0010 00000000 ffffffff 00cf9300 DPL=0 DS   [-WA]
FS =0010 00000000 ffffffff 00cf9300 DPL=0 DS   [-WA]
GS =0010 00000000 ffffffff 00cf9300 DPL=0 DS   [-WA]
LDT=0000 00000000 0000ffff 00008200 DPL=0 LDT
TR =0000 00000000 0000ffff 00008b00 DPL=0 TSS32-busy
GDT=     0001049c 00000017
IDT=     00010500 000007ff
CR0=00000011 CR2=00000000 CR3=00000000 CR4=00000000
DR0=0000000000000000 DR1=0000000000000000 DR2=0000000000000000 DR3=0000000000000000 
DR6=00000000ffff0ff0 DR7=0000000000000400
CCS=00000004 CCD=0007fea8 CCO=EFLAGS
EFER=0000000000000000
Servicing hardware INT=0x21
   114: v=21 e=0000 i=0 cpl=0 IP=0008:0000000000010058 pc=0000000000010058 SP=0010:000000000007fef4 env->regs[R_EAX]=00000000000007ff
EAX=000007ff EBX=00010d00 ECX=00000000 EDX=00000021
ESI=00000000 EDI=00000000 EBP=0007fefc ESP=0007fef4
EIP=00010058 EFL=00000206 [-----P-] CPL=0 II=0 A20=1 SMM=0 HLT=0
ES =0010 00000000 ffffffff 00cf9300 DPL=0 DS   [-WA]
CS =0008 00000000 ffffffff 00cf9a00 DPL=0 CS32 [-R-]
SS =0010 00000000 ffffffff 00cf9300 DPL=0 DS   [-WA]
DS =0010 00000000 ffffffff 00cf9300 DPL=0 DS   [-WA]
FS =0010 00000000 ffffffff 00cf9300 DPL=0 DS   [-WA]
GS =0010 00000000 ffffffff 00cf9300 DPL=0 DS   [-WA]
LDT=0000 00000000 0000ffff 00008200 DPL=0 LDT
TR =0000 00000000 0000ffff 00008b00 DPL=0 TSS32-busy
GDT=     0001049c 00000017
IDT=     00010500 000007ff
CR0=00000011 CR2=00000000 CR3=00000000 CR4=00000000
DR0=0000000000000000 DR1=0000000000000000 DR2=0000000000000000 DR3=0000000000000000 
DR6=00000000ffff0ff0 DR7=0000000000000400
CCS=00000004 CCD=0007fea8 CCO=EFLAGS
EFER=0000000000000000
Servicing hardware INT=0x21
   115: v=21 e=0000 i=0 cpl=0 IP=0008:0000000000010058 pc=0000000000010058 SP=0010:000000000007fef4 env->regs[R_EAX]=00000000000007ff
EAX=000007ff EBX=00010d00 ECX=00000000 EDX=00000021
ESI=00000000 EDI=00000000 EBP=0007fefc ESP=0007fef4
EIP=00010058 EFL=00000206 [-----P-] CPL=0 II=0 A20=1 SMM=0 HLT=0
ES =0010 00000000 ffffffff 00cf9300 DPL=0 DS   [-WA]
CS =0008 00000000 ffffffff 00cf9a00 DPL=0 CS32 [-R-]
SS =0010 00000000 ffffffff 00cf9300 DPL=0 DS   [-WA]
DS =0010 00000000 ffffffff 00cf9300 DPL=0 DS   [-WA]
FS =0010 00000000 ffffffff 00cf9300 DPL=0 DS   [-WA]
GS =0010 00000000 ffffffff 00cf9300 DPL=0 DS   [-WA]
LDT=0000 00000000 0000ffff 00008200 DPL=0 LDT
TR =0000 00000000 0000ffff 00008b00 DPL=0 TSS32-busy
GDT=     0001049c 00000017
IDT=     00010500 000007ff
CR0=00000011 CR2=00000000 CR3=00000000 CR4=00000000
DR0=0000000000000000 DR1=0000000000000000 DR2=0000000000000000 DR3=0000000000000000 
DR6=00000000ffff0ff0 DR7=0000000000000400
CCS=00000004 CCD=0007fea8 CCO=EFLAGS
EFER=0000000000000000
Servicing hardware INT=0x21
   116: v=21 e=0000 i=0 cpl=0 IP=0008:0000000000010058 pc=0000000000010058 SP=0010:000000000007fef4 env->regs[R_EAX]=00000000000007ff
EAX=000007ff EBX=00010d00 ECX=00000000 EDX=00000021
ESI=00000000 EDI=00000000 EBP=0007fefc ESP=0007fef4
EIP=00010058 EFL=00000206 [-----P-] CPL=0 II=0 A20=1 SMM=0 HLT=0
ES =0010 00000000 ffffffff 00cf9300 DPL=0 DS   [-WA]
CS =0008 00000000 ffffffff 00cf9a00 DPL=0 CS32 [-R-]
SS =0010 00000000 ffffffff 00cf9300 DPL=0 DS   [-WA]
DS =0010 00000000 ffffffff 00cf9300 DPL=0 DS   [-WA]
FS =0010 00000000 ffffffff 00cf9300 DPL=0 DS   [-WA]
GS =0010 00000000 ffffffff 00cf9300 DPL=0 DS   [-WA]
LDT=0000 00000000 0000ffff 00008200 DPL=0 LDT
TR =0000 00000000 0000ffff 00008b00 DPL=0 TSS32-busy
GDT=     0001049c 00000017
IDT=     00010500 000007ff
CR0=00000011 CR2=00000000 CR3=00000000 CR4=00000000
DR0=0000000000000000 DR1=0000000000000000 DR2=0000000000000000 DR3=0000000000000000 
DR6=00000000ffff0ff0 DR7=0000000000000400
CCS=00000004 CCD=0007fea8 CCO=EFLAGS
EFER=0000000000000000
Servicing hardware INT=0x21
   117: v=21 e=0000 i=0 cpl=0 IP=0008:0000000000010058 pc=0000000000010058 SP=0010:000000000007fef4 env->regs[R_EAX]=00000000000007ff
EAX=000007ff EBX=00010d00 ECX=00000000 EDX=00000021
ESI=00000000 EDI=00000000 EBP=0007fefc ESP=0007fef4
EIP=00010058 EFL=00000206 [-----P-] CPL=0 II=0 A20=1 SMM=0 HLT=0
ES =0010 00000000 ffffffff 00cf9300 DPL=0 DS   [-WA]
CS =0008 00000000 ffffffff 00cf9a00 DPL=0 CS32 [-R-]
SS =0010 00000000 ffffffff 00cf9300 DPL=0 DS   [-WA]
DS =0010 00000000 ffffffff 00cf9300 DPL=0 DS   [-WA]
FS =0010 00000000 ffffffff 00cf9300 DPL=0 DS   [-WA]
GS =0010 00000000 ffffffff 00cf9300 DPL=0 DS   [-WA]
LDT=0000 00000000 0000ffff 00008200 DPL=0 LDT
TR =0000 00000000 0000ffff 00008b00 DPL=0 TSS32-busy
GDT=     0001049c 00000017
IDT=     00010500 000007ff
CR0=00000011 CR2=00000000 CR3=00000000 CR4=00000000
DR0=0000000000000000 DR1=0000000000000000 DR2=0000000000000000 DR3=0000000000000000 
DR6=00000000ffff0ff0 DR7=0000000000000400
CCS=00000004 CCD=0007fea8 CCO=EFLAGS
EFER=0000000000000000
Servicing hardware INT=0x21
   118: v=21 e=0000 i=0 cpl=0 IP=0008:0000000000010058 pc=0000000000010058 SP=0010:000000000007fef4 env->regs[R_EAX]=00000000000007ff
EAX=000007ff EBX=00010d00 ECX=00000000 EDX=00000021
ESI=00000000 EDI=00000000 EBP=0007fefc ESP=0007fef4
EIP=00010058 EFL=00000206 [-----P-] CPL=0 II=0 A20=1 SMM=0 HLT=0
ES =0010 00000000 ffffffff 00cf9300 DPL=0 DS   [-WA]
CS =0008 00000000 ffffffff 00cf9a00 DPL=0 CS32 [-R-]
SS =0010 00000000 ffffffff 00cf9300 DPL=0 DS   [-WA]
DS =0010 00000000 ffffffff 00cf9300 DPL=0 DS   [-WA]
FS =0010 00000000 ffffffff 00cf9300 DPL=0 DS   [-WA]
GS =0010 00000000 ffffffff 00cf9300 DPL=0 DS   [-WA]
LDT=0000 00000000 0000ffff 00008200 DPL=0 LDT
TR =0000 00000000 0000ffff 00008b00 DPL=0 TSS32-busy
GDT=     0001049c 00000017
IDT=     00010500 000007ff
CR0=00000011 CR2=00000000 CR3=00000000 CR4=00000000
DR0=0000000000000000 DR1=0000000000000000 DR2=0000000000000000 DR3=0000000000000000 
DR6=00000000ffff0ff0 DR7=0000000000000400
CCS=00000004 CCD=0007fea8 CCO=EFLAGS
EFER=0000000000000000
Servicing hardware INT=0x21
   119: v=21 e=0000 i=0 cpl=0 IP=0008:0000000000010058 pc=0000000000010058 SP=0010:000000000007fef4 env->regs[R_EAX]=00000000000007ff
EAX=000007ff EBX=00010d00 ECX=00000000 EDX=00000021
ESI=00000000 EDI=00000000 EBP=0007fefc ESP=0007fef4
EIP=00010058 EFL=00000206 [-----P-] CPL=0 II=0 A20=1 SMM=0 HLT=0
ES =0010 00000000 ffffffff 00cf9300 DPL=0 DS   [-WA]
CS =0008 00000000 ffffffff 00cf9a00 DPL=0 CS32 [-R-]
SS =0010 00000000 ffffffff 00cf9300 DPL=0 DS   [-WA]
DS =0010 00000000 ffffffff 00cf9300 DPL=0 DS   [-WA]
FS =0010 00000000 ffffffff 00cf9300 DPL=0 DS   [-WA]
GS =0010 00000000 ffffffff 00cf9300 DPL=0 DS   [-WA]
LDT=0000 00000000 0000ffff 00008200 DPL=0 LDT
TR =0000 00000000 0000ffff 00008b00 DPL=0 TSS32-busy
GDT=     0001049c 00000017
IDT=     00010500 000007ff
CR0=00000011 CR2=00000000 CR3=00000000 CR4=00000000
DR0=0000000000000000 DR1=0000000000000000 DR2=0000000000000000 DR3=0000000000000000 
DR6=00000000ffff0ff0 DR7=0000000000000400
CCS=00000004 CCD=0007fea8 CCO=EFLAGS
EFER=0000000000000000
Servicing hardware INT=0x21
   120: v=21 e=0000 i=0 cpl=0 IP=0008:0000000000010058 pc=0000000000010058 SP=0010:000000000007fef4 env->regs[R_EAX]=00000000000007ff
EAX=000007ff EBX=00010d00 ECX=00000000 EDX=00000021
ESI=00000000 EDI=00000000 EBP=0007fefc ESP=0007fef4
EIP=00010058 EFL=00000206 [-----P-] CPL=0 II=0 A20=1 SMM=0 HLT=0
ES =0010 00000000 ffffffff 00cf9300 DPL=0 DS   [-WA]
CS =0008 00000000 ffffffff 00cf9a00 DPL=0 CS32 [-R-]
SS =0010 00000000 ffffffff 00cf9300 DPL=0 DS   [-WA]
DS =0010 00000000 ffffffff 00cf9300 DPL=0 DS   [-WA]
FS =0010 00000000 ffffffff 00cf9300 DPL=0 DS   [-WA]
GS =0010 00000000 ffffffff 00cf9300 DPL=0 DS   [-WA]
LDT=0000 00000000 0000ffff 00008200 DPL=0 LDT
TR =0000 00000000 0000ffff 00008b00 DPL=0 TSS32-busy
GDT=     0001049c 00000017
IDT=     00010500 000007ff
CR0=00000011 CR2=00000000 CR3=00000000 CR4=00000000
DR0=0000000000000000 DR1=0000000000000000 DR2=0000000000000000 DR3=0000000000000000 
DR6=00000000ffff0ff0 DR7=0000000000000400
CCS=00000004 CCD=0007fea8 CCO=EFLAGS
EFER=0000000000000000
Servicing hardware INT=0x21
   121: v=21 e=0000 i=0 cpl=0 IP=0008:0000000000010058 pc=0000000000010058 SP=0010:000000000007fef4 env->regs[R_EAX]=00000000000007ff
EAX=000007ff EBX=00010d00 ECX=00000000 EDX=00000021
ESI=00000000 EDI=00000000 EBP=0007fefc ESP=0007fef4
EIP=00010058 EFL=00000206 [-----P-] CPL=0 II=0 A20=1 SMM=0 HLT=0
ES =0010 00000000 ffffffff 00cf9300 DPL=0 DS   [-WA]
CS =0008 00000000 ffffffff 00cf9a00 DPL=0 CS32 [-R-]
SS =0010 00000000 ffffffff 00cf9300 DPL=0 DS   [-WA]
DS =0010 00000000 ffffffff 00cf9300 DPL=0 DS   [-WA]
FS =0010 00000000 ffffffff 00cf9300 DPL=0 DS   [-WA]
GS =0010 00000000 ffffffff 00cf9300 DPL=0 DS   [-WA]
LDT=0000 00000000 0000ffff 00008200 DPL=0 LDT
TR =0000 00000000 0000ffff 00008b00 DPL=0 TSS32-busy
GDT=     0001049c 00000017
IDT=     00010500 000007ff
CR0=00000011 CR2=00000000 CR3=00000000 CR4=00000000
DR0=0000000000000000 DR1=0000000000000000 DR2=0000000000000000 DR3=0000000000000000 
DR6=00000000ffff0ff0 DR7=0000000000000400
CCS=00000004 CCD=0007fea8 CCO=EFLAGS
EFER=0000000000000000
Servicing hardware INT=0x21
   122: v=21 e=0000 i=0 cpl=0 IP=0008:0000000000010058 pc=0000000000010058 SP=0010:000000000007fef4 env->regs[R_EAX]=00000000000007ff
EAX=000007ff EBX=00010d00 ECX=00000000 EDX=00000021
ESI=00000000 EDI=00000000 EBP=0007fefc ESP=0007fef4
EIP=00010058 EFL=00000206 [-----P-] CPL=0 II=0 A20=1 SMM=0 HLT=0
ES =0010 00000000 ffffffff 00cf9300 DPL=0 DS   [-WA]
CS =0008 00000000 ffffffff 00cf9a00 DPL=0 CS32 [-R-]
SS =0010 00000000 ffffffff 00cf9300 DPL=0 DS   [-WA]
DS =0010 00000000 ffffffff 00cf9300 DPL=0 DS   [-WA]
FS =0010 00000000 ffffffff 00cf9300 DPL=0 DS   [-WA]
GS =0010 00000000 ffffffff 00cf9300 DPL=0 DS   [-WA]
LDT=0000 00000000 0000ffff 00008200 DPL=0 LDT
TR =0000 00000000 0000ffff 00008b00 DPL=0 TSS32-busy
GDT=     0001049c 00000017
IDT=     00010500 000007ff
CR0=00000011 CR2=00000000 CR3=00000000 CR4=00000000
DR0=0000000000000000 DR1=0000000000000000 DR2=0000000000000000 DR3=0000000000000000 
DR6=00000000ffff0ff0 DR7=0000000000000400
CCS=00000004 CCD=0007fea8 CCO=EFLAGS
EFER=0000000000000000
Servicing hardware INT=0x21
   123: v=21 e=0000 i=0 cpl=0 IP=0008:0000000000010058 pc=0000000000010058 SP=0010:000000000007fef4 env->regs[R_EAX]=00000000000007ff
EAX=000007ff EBX=00010d00 ECX=00000000 EDX=00000021
ESI=00000000 EDI=00000000 EBP=0007fefc ESP=0007fef4
EIP=00010058 EFL=00000206 [-----P-] CPL=0 II=0 A20=1 SMM=0 HLT=0
ES =0010 00000000 ffffffff 00cf9300 DPL=0 DS   [-WA]
CS =0008 00000000 ffffffff 00cf9a00 DPL=0 CS32 [-R-]
SS =0010 00000000 ffffffff 00cf9300 DPL=0 DS   [-WA]
DS =0010 00000000 ffffffff 00cf9300 DPL=0 DS   [-WA]
FS =0010 00000000 ffffffff 00cf9300 DPL=0 DS   [-WA]
GS =0010 00000000 ffffffff 00cf9300 DPL=0 DS   [-WA]
LDT=0000 00000000 0000ffff 00008200 DPL=0 LDT
TR =0000 00000000 0000ffff 00008b00 DPL=0 TSS32-busy
GDT=     0001049c 00000017
IDT=     00010500 000007ff
CR0=00000011 CR2=00000000 CR3=00000000 CR4=00000000
DR0=0000000000000000 DR1=0000000000000000 DR2=0000000000000000 DR3=0000000000000000 
DR6=00000000ffff0ff0 DR7=0000000000000400
CCS=00000004 CCD=0007fea8 CCO=EFLAGS
EFER=0000000000000000
Servicing hardware INT=0x21
   124: v=21 e=0000 i=0 cpl=0 IP=0008:0000000000010058 pc=0000000000010058 SP=0010:000000000007fef4 env->regs[R_EAX]=00000000000007ff
EAX=000007ff EBX=00010d00 ECX=00000000 EDX=00000021
ESI=00000000 EDI=00000000 EBP=0007fefc ESP=0007fef4
EIP=00010058 EFL=00000206 [-----P-] CPL=0 II=0 A20=1 SMM=0 HLT=0
ES =0010 00000000 ffffffff 00cf9300 DPL=0 DS   [-WA]
CS =0008 00000000 ffffffff 00cf9a00 DPL=0 CS32 [-R-]
SS =0010 00000000 ffffffff 00cf9300 DPL=0 DS   [-WA]
DS =0010 00000000 ffffffff 00cf9300 DPL=0 DS   [-WA]
FS =0010 00000000 ffffffff 00cf9300 DPL=0 DS   [-WA]
GS =0010 00000000 ffffffff 00cf9300 DPL=0 DS   [-WA]
LDT=0000 00000000 0000ffff 00008200 DPL=0 LDT
TR =0000 00000000 0000ffff 00008b00 DPL=0 TSS32-busy
GDT=     0001049c 00000017
IDT=     00010500 000007ff
CR0=00000011 CR2=00000000 CR3=00000000 CR4=00000000
DR0=0000000000000000 DR1=0000000000000000 DR2=0000000000000000 DR3=0000000000000000 
DR6=00000000ffff0ff0 DR7=0000000000000400
CCS=00000004 CCD=0007fea8 CCO=EFLAGS
EFER=0000000000000000
Servicing hardware INT=0x21
   125: v=21 e=0000 i=0 cpl=0 IP=0008:0000000000010058 pc=0000000000010058 SP=0010:000000000007fef4 env->regs[R_EAX]=00000000000007ff
EAX=000007ff EBX=00010d00 ECX=00000000 EDX=00000021
ESI=00000000 EDI=00000000 EBP=0007fefc ESP=0007fef4
EIP=00010058 EFL=00000206 [-----P-] CPL=0 II=0 A20=1 SMM=0 HLT=0
ES =0010 00000000 ffffffff 00cf9300 DPL=0 DS   [-WA]
CS =0008 00000000 ffffffff 00cf9a00 DPL=0 CS32 [-R-]
SS =0010 00000000 ffffffff 00cf9300 DPL=0 DS   [-WA]
DS =0010 00000000 ffffffff 00cf9300 DPL=0 DS   [-WA]
FS =0010 00000000 ffffffff 00cf9300 DPL=0 DS   [-WA]
GS =0010 00000000 ffffffff 00cf9300 DPL=0 DS   [-WA]
LDT=0000 00000000 0000ffff 00008200 DPL=0 LDT
TR =0000 00000000 0000ffff 00008b00 DPL=0 TSS32-busy
GDT=     0001049c 00000017
IDT=     00010500 000007ff
CR0=00000011 CR2=00000000 CR3=00000000 CR4=00000000
DR0=0000000000000000 DR1=0000000000000000 DR2=0000000000000000 DR3=0000000000000000 
DR6=00000000ffff0ff0 DR7=0000000000000400
CCS=00000004 CCD=0007fea8 CCO=EFLAGS
EFER=0000000000000000
Servicing hardware INT=0x21
   126: v=21 e=0000 i=0 cpl=0 IP=0008:0000000000010058 pc=0000000000010058 SP=0010:000000000007fef4 env->regs[R_EAX]=00000000000007ff
EAX=000007ff EBX=00010d00 ECX=00000000 EDX=00000021
ESI=00000000 EDI=00000000 EBP=0007fefc ESP=0007fef4
EIP=00010058 EFL=00000206 [-----P-] CPL=0 II=0 A20=1 SMM=0 HLT=0
ES =0010 00000000 ffffffff 00cf9300 DPL=0 DS   [-WA]
CS =0008 00000000 ffffffff 00cf9a00 DPL=0 CS32 [-R-]
SS =0010 00000000 ffffffff 00cf9300 DPL=0 DS   [-WA]
DS =0010 00000000 ffffffff 00cf9300 DPL=0 DS   [-WA]
FS =0010 00000000 ffffffff 00cf9300 DPL=0 DS   [-WA]
GS =0010 00000000 ffffffff 00cf9300 DPL=0 DS   [-WA]
LDT=0000 00000000 0000ffff 00008200 DPL=0 LDT
TR =0000 00000000 0000ffff 00008b00 DPL=0 TSS32-busy
GDT=     0001049c 00000017
IDT=     00010500 000007ff
CR0=00000011 CR2=00000000 CR3=00000000 CR4=00000000
DR0=0000000000000000 DR1=0000000000000000 DR2=0000000000000000 DR3=0000000000000000 
DR6=00000000ffff0ff0 DR7=0000000000000400
CCS=00000004 CCD=0007fea8 CCO=EFLAGS
EFER=0000000000000000
Servicing hardware INT=0x21
   127: v=21 e=0000 i=0 cpl=0 IP=0008:0000000000010058 pc=0000000000010058 SP=0010:000000000007fef4 env->regs[R_EAX]=00000000000007ff
EAX=000007ff EBX=00010d00 ECX=00000000 EDX=00000021
ESI=00000000 EDI=00000000 EBP=0007fefc ESP=0007fef4
EIP=00010058 EFL=00000206 [-----P-] CPL=0 II=0 A20=1 SMM=0 HLT=0
ES =0010 00000000 ffffffff 00cf9300 DPL=0 DS   [-WA]
CS =0008 00000000 ffffffff 00cf9a00 DPL=0 CS32 [-R-]
SS =0010 00000000 ffffffff 00cf9300 DPL=0 DS   [-WA]
DS =0010 00000000 ffffffff 00cf9300 DPL=0 DS   [-WA]
FS =0010 00000000 ffffffff 00cf9300 DPL=0 DS   [-WA]
GS =0010 00000000 ffffffff 00cf9300 DPL=0 DS   [-WA]
LDT=0000 00000000 0000ffff 00008200 DPL=0 LDT
TR =0000 00000000 0000ffff 00008b00 DPL=0 TSS32-busy
GDT=     0001049c 00000017
IDT=     00010500 000007ff
CR0=00000011 CR2=00000000 CR3=00000000 CR4=00000000
DR0=0000000000000000 DR1=0000000000000000 DR2=0000000000000000 DR3=0000000000000000 
DR6=00000000ffff0ff0 DR7=0000000000000400
CCS=00000004 CCD=0007fea8 CCO=EFLAGS
EFER=0000000000000000
Servicing hardware INT=0x21
   128: v=21 e=0000 i=0 cpl=0 IP=0008:0000000000010058 pc=0000000000010058 SP=0010:000000000007fef4 env->regs[R_EAX]=00000000000007ff
EAX=000007ff EBX=00010d00 ECX=00000000 EDX=00000021
ESI=00000000 EDI=00000000 EBP=0007fefc ESP=0007fef4
EIP=00010058 EFL=00000206 [-----P-] CPL=0 II=0 A20=1 SMM=0 HLT=0
ES =0010 00000000 ffffffff 00cf9300 DPL=0 DS   [-WA]
CS =0008 00000000 ffffffff 00cf9a00 DPL=0 CS32 [-R-]
SS =0010 00000000 ffffffff 00cf9300 DPL=0 DS   [-WA]
DS =0010 00000000 ffffffff 00cf9300 DPL=0 DS   [-WA]
FS =0010 00000000 ffffffff 00cf9300 DPL=0 DS   [-WA]
GS =0010 00000000 ffffffff 00cf9300 DPL=0 DS   [-WA]
LDT=0000 00000000 0000ffff 00008200 DPL=0 LDT
TR =0000 00000000 0000ffff 00008b00 DPL=0 TSS32-busy
GDT=     0001049c 00000017
IDT=     00010500 000007ff
CR0=00000011 CR2=00000000 CR3=00000000 CR4=00000000
DR0=0000000000000000 DR1=0000000000000000 DR2=0000000000000000 DR3=0000000000000000 
DR6=00000000ffff0ff0 DR7=0000000000000400
CCS=00000004 CCD=0007fea8 CCO=EFLAGS
EFER=0000000000000000
Servicing hardware INT=0x21
   129: v=21 e=0000 i=0 cpl=0 IP=0008:0000000000010058 pc=0000000000010058 SP=0010:000000000007fef4 env->regs[R_EAX]=00000000000007ff
EAX=000007ff EBX=00010d00 ECX=00000000 EDX=00000021
ESI=00000000 EDI=00000000 EBP=0007fefc ESP=0007fef4
EIP=00010058 EFL=00000206 [-----P-] CPL=0 II=0 A20=1 SMM=0 HLT=0
ES =0010 00000000 ffffffff 00cf9300 DPL=0 DS   [-WA]
CS =0008 00000000 ffffffff 00cf9a00 DPL=0 CS32 [-R-]
SS =0010 00000000 ffffffff 00cf9300 DPL=0 DS   [-WA]
DS =0010 00000000 ffffffff 00cf9300 DPL=0 DS   [-WA]
FS =0010 00000000 ffffffff 00cf9300 DPL=0 DS   [-WA]
GS =0010 00000000 ffffffff 00cf9300 DPL=0 DS   [-WA]
LDT=0000 00000000 0000ffff 00008200 DPL=0 LDT
TR =0000 00000000 0000ffff 00008b00 DPL=0 TSS32-busy
GDT=     0001049c 00000017
IDT=     00010500 000007ff
CR0=00000011 CR2=00000000 CR3=00000000 CR4=00000000
DR0=0000000000000000 DR1=0000000000000000 DR2=0000000000000000 DR3=0000000000000000 
DR6=00000000ffff0ff0 DR7=0000000000000400
CCS=00000004 CCD=0007fea8 CCO=EFLAGS
EFER=0000000000000000
Servicing hardware INT=0x21
   130: v=21 e=0000 i=0 cpl=0 IP=0008:0000000000010058 pc=0000000000010058 SP=0010:000000000007fef4 env->regs[R_EAX]=00000000000007ff
EAX=000007ff EBX=00010d00 ECX=00000000 EDX=00000021
ESI=00000000 EDI=00000000 EBP=0007fefc ESP=0007fef4
EIP=00010058 EFL=00000206 [-----P-] CPL=0 II=0 A20=1 SMM=0 HLT=0
ES =0010 00000000 ffffffff 00cf9300 DPL=0 DS   [-WA]
CS =0008 00000000 ffffffff 00cf9a00 DPL=0 CS32 [-R-]
SS =0010 00000000 ffffffff 00cf9300 DPL=0 DS   [-WA]
DS =0010 00000000 ffffffff 00cf9300 DPL=0 DS   [-WA]
FS =0010 00000000 ffffffff 00cf9300 DPL=0 DS   [-WA]
GS =0010 00000000 ffffffff 00cf9300 DPL=0 DS   [-WA]
LDT=0000 00000000 0000ffff 00008200 DPL=0 LDT
TR =0000 00000000 0000ffff 00008b00 DPL=0 TSS32-busy
GDT=     0001049c 00000017
IDT=     00010500 000007ff
CR0=00000011 CR2=00000000 CR3=00000000 CR4=00000000
DR0=0000000000000000 DR1=0000000000000000 DR2=0000000000000000 DR3=0000000000000000 
DR6=00000000ffff0ff0 DR7=0000000000000400
CCS=00000004 CCD=0007fea8 CCO=EFLAGS
EFER=0000000000000000
Servicing hardware INT=0x21
   131: v=21 e=0000 i=0 cpl=0 IP=0008:0000000000010058 pc=0000000000010058 SP=0010:000000000007fef4 env->regs[R_EAX]=00000000000007ff
EAX=000007ff EBX=00010d00 ECX=00000000 EDX=00000021
ESI=00000000 EDI=00000000 EBP=0007fefc ESP=0007fef4
EIP=00010058 EFL=00000206 [-----P-] CPL=0 II=0 A20=1 SMM=0 HLT=0
ES =0010 00000000 ffffffff 00cf9300 DPL=0 DS   [-WA]
CS =0008 00000000 ffffffff 00cf9a00 DPL=0 CS32 [-R-]
SS =0010 00000000 ffffffff 00cf9300 DPL=0 DS   [-WA]
DS =0010 00000000 ffffffff 00cf9300 DPL=0 DS   [-WA]
FS =0010 00000000 ffffffff 00cf9300 DPL=0 DS   [-WA]
GS =0010 00000000 ffffffff 00cf9300 DPL=0 DS   [-WA]
LDT=0000 00000000 0000ffff 00008200 DPL=0 LDT
TR =0000 00000000 0000ffff 00008b00 DPL=0 TSS32-busy
GDT=     0001049c 00000017
IDT=     00010500 000007ff
CR0=00000011 CR2=00000000 CR3=00000000 CR4=00000000
DR0=0000000000000000 DR1=0000000000000000 DR2=0000000000000000 DR3=0000000000000000 
DR6=00000000ffff0ff0 DR7=0000000000000400
CCS=00000004 CCD=0007fea8 CCO=EFLAGS
EFER=0000000000000000
Servicing hardware INT=0x21
   132: v=21 e=0000 i=0 cpl=0 IP=0008:0000000000010058 pc=0000000000010058 SP=0010:000000000007fef4 env->regs[R_EAX]=00000000000007ff
EAX=000007ff EBX=00010d00 ECX=00000000 EDX=00000021
ESI=00000000 EDI=00000000 EBP=0007fefc ESP=0007fef4
EIP=00010058 EFL=00000206 [-----P-] CPL=0 II=0 A20=1 SMM=0 HLT=0
ES =0010 00000000 ffffffff 00cf9300 DPL=0 DS   [-WA]
CS =0008 00000000 ffffffff 00cf9a00 DPL=0 CS32 [-R-]
SS =0010 00000000 ffffffff 00cf9300 DPL=0 DS   [-WA]
DS =0010 00000000 ffffffff 00cf9300 DPL=0 DS   [-WA]
FS =0010 00000000 ffffffff 00cf9300 DPL=0 DS   [-WA]
GS =0010 00000000 ffffffff 00cf9300 DPL=0 DS   [-WA]
LDT=0000 00000000 0000ffff 00008200 DPL=0 LDT
TR =0000 00000000 0000ffff 00008b00 DPL=0 TSS32-busy
GDT=     0001049c 00000017
IDT=     00010500 000007ff
CR0=00000011 CR2=00000000 CR3=00000000 CR4=00000000
DR0=0000000000000000 DR1=0000000000000000 DR2=0000000000000000 DR3=0000000000000000 
DR6=00000000ffff0ff0 DR7=0000000000000400
CCS=00000004 CCD=0007fea8 CCO=EFLAGS
EFER=0000000000000000
Servicing hardware INT=0x21
   133: v=21 e=0000 i=0 cpl=0 IP=0008:0000000000010058 pc=0000000000010058 SP=0010:000000000007fef4 env->regs[R_EAX]=00000000000007ff
EAX=000007ff EBX=00010d00 ECX=00000000 EDX=00000021
ESI=00000000 EDI=00000000 EBP=0007fefc ESP=0007fef4
EIP=00010058 EFL=00000206 [-----P-] CPL=0 II=0 A20=1 SMM=0 HLT=0
ES =0010 00000000 ffffffff 00cf9300 DPL=0 DS   [-WA]
CS =0008 00000000 ffffffff 00cf9a00 DPL=0 CS32 [-R-]
SS =0010 00000000 ffffffff 00cf9300 DPL=0 DS   [-WA]
DS =0010 00000000 ffffffff 00cf9300 DPL=0 DS   [-WA]
FS =0010 00000000 ffffffff 00cf9300 DPL=0 DS   [-WA]
GS =0010 00000000 ffffffff 00cf9300 DPL=0 DS   [-WA]
LDT=0000 00000000 0000ffff 00008200 DPL=0 LDT
TR =0000 00000000 0000ffff 00008b00 DPL=0 TSS32-busy
GDT=     0001049c 00000017
IDT=     00010500 000007ff
CR0=00000011 CR2=00000000 CR3=00000000 CR4=00000000
DR0=0000000000000000 DR1=0000000000000000 DR2=0000000000000000 DR3=0000000000000000 
DR6=00000000ffff0ff0 DR7=0000000000000400
CCS=00000004 CCD=0007fea8 CCO=EFLAGS
EFER=0000000000000000
Servicing hardware INT=0x21
   134: v=21 e=0000 i=0 cpl=0 IP=0008:0000000000010058 pc=0000000000010058 SP=0010:000000000007fef4 env->regs[R_EAX]=00000000000007ff
EAX=000007ff EBX=00010d00 ECX=00000000 EDX=00000021
ESI=00000000 EDI=00000000 EBP=0007fefc ESP=0007fef4
EIP=00010058 EFL=00000206 [-----P-] CPL=0 II=0 A20=1 SMM=0 HLT=0
ES =0010 00000000 ffffffff 00cf9300 DPL=0 DS   [-WA]
CS =0008 00000000 ffffffff 00cf9a00 DPL=0 CS32 [-R-]
SS =0010 00000000 ffffffff 00cf9300 DPL=0 DS   [-WA]
DS =0010 00000000 ffffffff 00cf9300 DPL=0 DS   [-WA]
FS =0010 00000000 ffffffff 00cf9300 DPL=0 DS   [-WA]
GS =0010 00000000 ffffffff 00cf9300 DPL=0 DS   [-WA]
LDT=0000 00000000 0000ffff 00008200 DPL=0 LDT
TR =0000 00000000 0000ffff 00008b00 DPL=0 TSS32-busy
GDT=     0001049c 00000017
IDT=     00010500 000007ff
CR0=00000011 CR2=00000000 CR3=00000000 CR4=00000000
DR0=0000000000000000 DR1=0000000000000000 DR2=0000000000000000 DR3=0000000000000000 
DR6=00000000ffff0ff0 DR7=0000000000000400
CCS=00000004 CCD=0007fea8 CCO=EFLAGS
EFER=0000000000000000
Servicing hardware INT=0x21
   135: v=21 e=0000 i=0 cpl=0 IP=0008:0000000000010058 pc=0000000000010058 SP=0010:000000000007fef4 env->regs[R_EAX]=00000000000007ff
EAX=000007ff EBX=00010d00 ECX=00000000 EDX=00000021
ESI=00000000 EDI=00000000 EBP=0007fefc ESP=0007fef4
EIP=00010058 EFL=00000206 [-----P-] CPL=0 II=0 A20=1 SMM=0 HLT=0
ES =0010 00000000 ffffffff 00cf9300 DPL=0 DS   [-WA]
CS =0008 00000000 ffffffff 00cf9a00 DPL=0 CS32 [-R-]
SS =0010 00000000 ffffffff 00cf9300 DPL=0 DS   [-WA]
DS =0010 00000000 ffffffff 00cf9300 DPL=0 DS   [-WA]
FS =0010 00000000 ffffffff 00cf9300 DPL=0 DS   [-WA]
GS =0010 00000000 ffffffff 00cf9300 DPL=0 DS   [-WA]
LDT=0000 00000000 0000ffff 00008200 DPL=0 LDT
TR =0000 00000000 0000ffff 00008b00 DPL=0 TSS32-busy
GDT=     0001049c 00000017
IDT=     00010500 000007ff
CR0=00000011 CR2=00000000 CR3=00000000 CR4=00000000
DR0=0000000000000000 DR1=0000000000000000 DR2=0000000000000000 DR3=0000000000000000 
DR6=00000000ffff0ff0 DR7=0000000000000400
CCS=00000004 CCD=0007fea8 CCO=EFLAGS
EFER=0000000000000000
Servicing hardware INT=0x21
   136: v=21 e=0000 i=0 cpl=0 IP=0008:0000000000010058 pc=0000000000010058 SP=0010:000000000007fef4 env->regs[R_EAX]=00000000000007ff
EAX=000007ff EBX=00010d00 ECX=00000000 EDX=00000021
ESI=00000000 EDI=00000000 EBP=0007fefc ESP=0007fef4
EIP=00010058 EFL=00000206 [-----P-] CPL=0 II=0 A20=1 SMM=0 HLT=0
ES =0010 00000000 ffffffff 00cf9300 DPL=0 DS   [-WA]
CS =0008 00000000 ffffffff 00cf9a00 DPL=0 CS32 [-R-]
SS =0010 00000000 ffffffff 00cf9300 DPL=0 DS   [-WA]
DS =0010 00000000 ffffffff 00cf9300 DPL=0 DS   [-WA]
FS =0010 00000000 ffffffff 00cf9300 DPL=0 DS   [-WA]
GS =0010 00000000 ffffffff 00cf9300 DPL=0 DS   [-WA]
LDT=0000 00000000 0000ffff 00008200 DPL=0 LDT
TR =0000 00000000 0000ffff 00008b00 DPL=0 TSS32-busy
GDT=     0001049c 00000017
IDT=     00010500 000007ff
CR0=00000011 CR2=00000000 CR3=00000000 CR4=00000000
DR0=0000000000000000 DR1=0000000000000000 DR2=0000000000000000 DR3=0000000000000000 
DR6=00000000ffff0ff0 DR7=0000000000000400
CCS=00000004 CCD=0007fea8 CCO=EFLAGS
EFER=0000000000000000
Servicing hardware INT=0x21
   137: v=21 e=0000 i=0 cpl=0 IP=0008:0000000000010058 pc=0000000000010058 SP=0010:000000000007fef4 env->regs[R_EAX]=00000000000007ff
EAX=000007ff EBX=00010d00 ECX=00000000 EDX=00000021
ESI=00000000 EDI=00000000 EBP=0007fefc ESP=0007fef4
EIP=00010058 EFL=00000206 [-----P-] CPL=0 II=0 A20=1 SMM=0 HLT=0
ES =0010 00000000 ffffffff 00cf9300 DPL=0 DS   [-WA]
CS =0008 00000000 ffffffff 00cf9a00 DPL=0 CS32 [-R-]
SS =0010 00000000 ffffffff 00cf9300 DPL=0 DS   [-WA]
DS =0010 00000000 ffffffff 00cf9300 DPL=0 DS   [-WA]
FS =0010 00000000 ffffffff 00cf9300 DPL=0 DS   [-WA]
GS =0010 00000000 ffffffff 00cf9300 DPL=0 DS   [-WA]
LDT=0000 00000000 0000ffff 00008200 DPL=0 LDT
TR =0000 00000000 0000ffff 00008b00 DPL=0 TSS32-busy
GDT=     0001049c 00000017
IDT=     00010500 000007ff
CR0=00000011 CR2=00000000 CR3=00000000 CR4=00000000
DR0=0000000000000000 DR1=0000000000000000 DR2=0000000000000000 DR3=0000000000000000 
DR6=00000000ffff0ff0 DR7=0000000000000400
CCS=00000004 CCD=0007fea8 CCO=EFLAGS
EFER=0000000000000000
